1	0	0	0
2	0	0	0
3	0	0	0
4	0	0	0
5	0	0	0
6	0	0	0
8	0	0	0
9	0	0	0
10	0	0	0
11	0	0	0
12	0	0	0
13	0	0	0
14	0	0	0
16	0	0	0
17	0	0	0
18	0	0	0
19	0	0	0
20	0	0	0
21	0	0	0
22	0	0	0
24	0	0	0
25	0	0	1
26	0	0	0
27	0	0	0
28	0	0	0
29	0	0	0
30	0	0	0
32	0	0	0
33	0	0	0
34	0	0	0
35	0	0	0
36	0	0	0
37	0	0	0
38	0	0	0
40	0	0	0
41	0	0	0
42	0	0	0
43	0	0	0
44	0	0	0
45	0	0	0
46	0	0	0
48	0	0	0
49	0	0	0
50	0	0	0
51	0	0	0
52	0	0	0
53	0	0	0
54	0	0	0
56	0	0	0
57	0	0	0
58	0	0	0
59	0	0	0
60	0	0	0
61	0	0	0
62	0	0	0
64	0	0	0
65	0	0	0
66	0	0	0
67	0	0	0
68	0	0	0
69	0	0	0
70	0	0	0
72	0	0	0
73	0	0	0
74	0	0	0
75	0	0	0
76	0	0	0
77	0	0	0
78	0	0	0
80	0	0	0
81	0	0	0
82	0	0	0
83	0	0	0
84	0	0	0
85	0	0	0
86	0	0	0
88	0	0	0
89	0	0	1
90	0	0	0
91	0	0	0
92	0	0	0
93	0	0	0
94	0	0	0
96	0	0	0
97	0	0	0
98	0	0	0
99	0	0	0
100	0	0	0
101	0	0	0
102	0	0	0
104	0	0	0
105	0	0	0
106	0	0	0
107	0	0	0
108	0	0	0
109	0	0	0
110	0	0	0
112	0	0	0
113	0	0	0
114	0	0	0
115	0	0	0
116	0	0	0
117	0	0	0
118	0	0	0
120	0	0	0
121	0	0	0
122	0	0	0
123	0	0	0
124	0	0	0
125	0	0	0
126	0	0	0
128	0	0	0
129	0	0	0
130	0	0	0
131	0	0	0
132	0	0	0
133	0	0	0
134	0	0	0
136	0	0	0
137	0	0	0
138	0	0	0
139	0	0	0
140	0	0	0
141	0	0	0
142	0	0	0
144	0	0	0
145	0	0	0
146	0	0	0
147	0	0	0
148	0	0	0
149	0	0	0
150	0	0	0
152	0	0	0
153	7	0	1
154	14	0	0
155	14	1	0
156	14	1	0
157	14	1	0
158	14	1	0
160	14	1	0
161	13	2	0
162	12	3	0
163	12	3	0
164	12	3	0
165	11	5	0
166	11	5	0
168	10	6	0
169	10	6	0
170	10	6	0
171	10	6	0
172	11	6	0
173	12	6	0
174	11	7	0
176	10	8	0
177	9	9	0
178	9	9	0
179	9	9	0
180	9	9	0
181	9	9	0
182	8	10	0
184	6	12	0
185	7	12	0
186	7	15	0
187	6	16	0
188	6	16	0
189	6	16	0
190	6	16	0
192	6	16	0
193	6	16	0
194	6	16	0
195	7	16	0
196	7	16	0
197	7	16	0
198	7	16	0
200	7	16	0
201	8	17	0
202	9	18	0
203	9	18	0
204	9	19	0
205	9	19	0
206	9	19	0
208	9	19	0
209	13	19	0
210	17	20	0
211	16	21	0
212	15	22	0
213	16	22	0
214	15	23	0
216	15	23	0
217	14	24	0
218	14	24	0
219	14	24	0
220	15	24	0
221	14	25	0
222	13	26	0
224	12	27	0
225	12	27	0
226	11	28	0
227	11	28	0
228	12	28	0
229	11	29	0
230	11	29	0
232	11	29	0
233	11	29	0
234	11	29	0
235	12	29	0
236	15	29	0
237	13	31	0
238	12	32	0
240	11	33	0
241	12	33	0
242	16	34	0
243	15	35	0
244	14	37	0
245	14	37	0
246	13	38	0
248	13	38	0
249	15	38	0
250	17	38	0
251	18	38	0
252	18	38	0
253	21	38	0
254	21	38	0
256	19	40	0
257	25	40	0
258	27	41	0
259	28	41	0
260	27	42	0
261	29	43	0
262	27	45	0
264	25	47	0
265	29	48	0
266	39	48	0
267	42	49	0
268	45	49	0
269	50	49	0
270	51	49	0
272	51	49	0
273	50	50	0
274	49	51	0
275	48	52	0
276	44	56	0
277	43	58	0
278	40	61	0
280	40	61	0
281	38	63	0
282	36	65	0
283	34	67	0
284	33	68	0
285	31	71	0
286	29	73	0
288	27	75	0
289	30	76	0
290	31	79	0
291	36	85	0
292	39	86	0
293	41	86	0
294	39	88	0
296	36	91	0
297	41	95	0
298	47	95	0
299	60	98	0
300	66	99	0
301	72	100	0
302	70	102	0
304	68	104	0
305	92	108	0
306	107	112	0
307	130	116	0
308	147	125	0
309	172	132	0
310	168	139	0
312	157	151	0
313	182	160	0
314	238	171	0
315	315	176	0
316	413	190	0
317	505	205	0
318	501	227	0
320	482	246	0
321	598	276	0
322	802	307	0
323	1051	349	0
324	1205	399	0
325	1310	457	0
326	1258	524	0
328	1193	589	0
329	1185	634	0
330	1216	672	0
331	1260	727	0
332	1310	774	0
333	1346	830	0
334	1311	883	0
336	1241	954	0
337	1242	1014	0
338	1281	1069	0
339	1351	1128	0
340	1413	1197	0
341	1496	1257	0
342	1475	1315	0
344	1405	1386	0
345	1680	1444	0
346	2248	1524	0
347	2825	1621	0
348	3193	1746	0
349	3394	1870	0
350	3270	2014	0
352	3129	2161	0
353	3500	2309	0
354	3792	2470	0
355	3861	2626	0
356	3938	2793	0
357	3945	2956	0
358	3799	3120	0
360	3639	3280	0
361	3674	3440	0
362	3773	3609	0
363	3845	3768	0
364	3843	3932	0
365	3772	4095	0
366	3611	4268	0
368	3447	4432	0
369	3385	4588	0
370	3392	4738	0
371	3355	4890	0
372	3289	5051	0
373	3223	5186	0
374	3080	5339	0
376	2957	5462	0
377	2871	5593	0
378	2800	5730	0
379	2717	5855	0
380	2649	5976	0
381	2558	6093	0
382	2456	6206	0
384	2354	6308	0
385	2263	6403	0
386	2170	6510	0
387	2094	6606	0
388	2034	6686	0
389	1955	6778	0
390	1856	6881	0
392	1759	6978	0
393	1700	7040	0
394	1648	7100	0
395	1599	7164	0
396	1537	7243	0
397	1490	7300	0
398	1427	7366	0
400	1355	7438	0
401	1310	7495	0
402	1273	7558	0
403	1236	7621	0
404	1204	7681	0
405	1170	7735	0
406	1117	7796	0
408	1069	7844	0
409	1042	7887	0
410	1025	7932	0
411	1008	7979	0
412	971	8034	0
413	938	8080	0
414	883	8138	0
416	849	8172	0
417	825	8207	0
418	795	8254	0
419	780	8288	0
420	752	8330	0
421	731	8368	0
422	700	8402	0
424	666	8436	0
425	642	8468	0
426	621	8508	0
427	602	8538	0
428	581	8570	0
429	562	8598	0
430	539	8627	0
432	518	8648	0
433	496	8674	0
434	479	8699	0
435	465	8722	0
436	445	8745	0
437	431	8764	0
438	406	8789	0
440	390	8805	0
441	365	8831	0
442	351	8847	0
443	335	8866	0
444	324	8878	0
445	317	8890	0
446	298	8909	0
448	291	8916	0
449	275	8933	0
450	257	8953	0
451	248	8967	0
452	248	8974	0
453	236	8988	0
454	230	8994	0
456	219	9005	0
457	213	9014	0
458	213	9021	0
459	207	9031	0
460	199	9043	0
461	188	9055	0
462	182	9064	0
464	170	9076	0
465	157	9089	0
466	157	9092	0
467	151	9102	0
468	144	9111	0
469	141	9116	0
470	129	9128	0
472	119	9138	0
473	115	9144	0
474	112	9149	0
475	113	9150	0
476	109	9154	0
477	104	9159	0
478	101	9163	0
480	98	9166	0
481	93	9172	0
482	88	9178	0
483	84	9184	0
484	82	9190	0
485	78	9195	0
486	71	9202	0
488	63	9210	0
489	62	9212	0
490	57	9218	0
491	55	9221	0
492	50	9226	0
493	50	9226	0
494	48	9228	0
496	45	9231	0
497	44	9232	0
498	42	9234	0
499	41	9236	0
500	40	9237	0
501	36	9241	0
502	35	9242	0
504	32	9245	0
505	30	9247	0
506	28	9249	0
507	27	9250	0
508	25	9252	0
509	25	9252	0
510	24	9253	0
512	22	9255	0
513	22	9255	0
514	23	9255	0
515	23	9255	0
516	23	9256	0
517	24	9256	0
518	24	9256	0
520	23	9257	0
521	23	9258	0
522	20	9261	0
523	20	9262	0
524	20	9262	0
525	18	9264	0
526	17	9265	0
528	16	9266	0
529	16	9266	0
530	15	9267	0
531	16	9267	0
532	15	9268	0
533	14	9269	0
534	14	9269	0
536	13	9270	0
537	13	9270	0
538	16	9270	0
539	15	9271	0
540	14	9272	0
541	14	9272	0
542	14	9272	0
544	12	9274	0
545	11	9275	0
546	11	9275	0
547	11	9275	0
548	11	9275	0
549	11	9275	0
550	11	9275	0
552	9	9277	0
553	9	9277	0
554	9	9277	0
555	9	9277	0
556	9	9277	0
557	8	9278	0
558	8	9278	0
Final 9286
1	0	0	0
2	0	0	0
3	0	0	0
4	0	0	0
5	0	0	0
6	0	0	0
8	0	0	0
9	0	0	0
10	0	0	0
11	0	0	0
12	0	0	0
13	0	0	0
14	0	0	0
16	0	0	0
17	0	0	0
18	0	0	0
19	0	0	0
20	0	0	0
21	0	0	0
22	0	0	0
24	0	0	0
25	0	0	1
26	0	0	0
27	0	0	0
28	0	0	0
29	0	0	0
30	0	0	0
32	0	0	0
33	0	0	0
34	0	0	0
35	0	0	0
36	0	0	0
37	0	0	0
38	0	0	0
40	0	0	0
41	0	0	0
42	0	0	0
43	0	0	0
44	0	0	0
45	0	0	0
46	0	0	0
48	0	0	0
49	0	0	0
50	0	0	0
51	0	0	0
52	0	0	0
53	0	0	0
54	0	0	0
56	0	0	0
57	0	0	0
58	0	0	0
59	0	0	0
60	0	0	0
61	0	0	0
62	0	0	0
64	0	0	0
65	0	0	0
66	0	0	0
67	0	0	0
68	0	0	0
69	0	0	0
70	0	0	0
72	0	0	0
73	0	0	0
74	0	0	0
75	0	0	0
76	0	0	0
77	0	0	0
78	0	0	0
80	0	0	0
81	0	0	0
82	0	0	0
83	0	0	0
84	0	0	0
85	0	0	0
86	0	0	0
88	0	0	0
89	0	0	1
90	0	0	0
91	0	0	0
92	0	0	0
93	0	0	0
94	0	0	0
96	0	0	0
97	0	0	0
98	0	0	0
99	0	0	0
100	0	0	0
101	0	0	0
102	0	0	0
104	0	0	0
105	0	0	0
106	0	0	0
107	0	0	0
108	0	0	0
109	0	0	0
110	0	0	0
112	0	0	0
113	0	0	0
114	0	0	0
115	0	0	0
116	0	0	0
117	0	0	0
118	0	0	0
120	0	0	0
121	0	0	0
122	0	0	0
123	0	0	0
124	0	0	0
125	0	0	0
126	0	0	0
128	0	0	0
129	0	0	0
130	0	0	0
131	0	0	0
132	0	0	0
133	0	0	0
134	0	0	0
136	0	0	0
137	0	0	0
138	0	0	0
139	0	0	0
140	0	0	0
141	0	0	0
142	0	0	0
144	0	0	0
145	0	0	0
146	0	0	0
147	0	0	0
148	0	0	0
149	0	0	0
150	0	0	0
152	0	0	0
153	2	1	1
154	3	1	0
155	3	1	0
156	3	1	0
157	3	1	0
158	3	1	0
160	3	1	0
161	3	1	0
162	3	1	0
163	3	1	0
164	3	1	0
165	3	1	0
166	2	2	0
168	2	2	0
169	2	2	0
170	2	2	0
171	2	2	0
172	2	2	0
173	2	2	0
174	2	2	0
176	2	2	0
177	2	2	0
178	1	3	0
179	0	4	0
Final 4
1	0	0	0
2	0	0	0
3	0	0	0
4	0	0	0
5	0	0	0
6	0	0	0
8	0	0	0
9	0	0	0
10	0	0	0
11	0	0	0
12	0	0	0
13	0	0	0
14	0	0	0
16	0	0	0
17	0	0	0
18	0	0	0
19	0	0	0
20	0	0	0
21	0	0	0
22	0	0	0
24	0	0	0
25	0	0	1
26	0	0	0
27	0	0	0
28	0	0	0
29	0	0	0
30	0	0	0
32	0	0	0
33	0	0	0
34	0	0	0
35	0	0	0
36	0	0	0
37	0	0	0
38	0	0	0
40	0	0	0
41	0	0	0
42	0	0	0
43	0	0	0
44	0	0	0
45	0	0	0
46	0	0	0
48	0	0	0
49	0	0	0
50	0	0	0
51	0	0	0
52	0	0	0
53	0	0	0
54	0	0	0
56	0	0	0
57	0	0	0
58	0	0	0
59	0	0	0
60	0	0	0
61	0	0	0
62	0	0	0
64	0	0	0
65	0	0	0
66	0	0	0
67	0	0	0
68	0	0	0
69	0	0	0
70	0	0	0
72	0	0	0
73	0	0	0
74	0	0	0
75	0	0	0
76	0	0	0
77	0	0	0
78	0	0	0
80	0	0	0
81	0	0	0
82	0	0	0
83	0	0	0
84	0	0	0
85	0	0	0
86	0	0	0
88	0	0	0
89	0	0	1
90	0	0	0
91	0	0	0
92	0	0	0
93	0	0	0
94	0	0	0
96	0	0	0
97	0	0	0
98	0	0	0
99	0	0	0
100	0	0	0
101	0	0	0
102	0	0	0
104	0	0	0
105	0	0	0
106	0	0	0
107	0	0	0
108	0	0	0
109	0	0	0
110	0	0	0
112	0	0	0
113	0	0	0
114	0	0	0
115	0	0	0
116	0	0	0
117	0	0	0
118	0	0	0
120	0	0	0
121	0	0	0
122	0	0	0
123	0	0	0
124	0	0	0
125	0	0	0
126	0	0	0
128	0	0	0
129	0	0	0
130	0	0	0
131	0	0	0
132	0	0	0
133	0	0	0
134	0	0	0
136	0	0	0
137	0	0	0
138	0	0	0
139	0	0	0
140	0	0	0
141	0	0	0
142	0	0	0
144	0	0	0
145	0	0	0
146	0	0	0
147	0	0	0
148	0	0	0
149	0	0	0
150	0	0	0
152	0	0	0
153	4	0	1
154	7	0	0
155	7	0	0
156	7	0	0
157	7	0	0
158	6	1	0
160	5	2	0
161	5	2	0
162	5	2	0
163	5	2	0
164	4	3	0
165	3	4	0
166	3	4	0
168	3	4	0
169	3	4	0
170	3	4	0
171	3	4	0
172	3	4	0
173	3	4	0
174	3	4	0
176	3	4	0
177	4	4	0
178	4	4	0
179	3	5	0
180	3	5	0
181	3	5	0
182	3	5	0
184	3	5	0
185	4	5	0
186	4	7	0
187	3	8	0
188	3	8	0
189	3	8	0
190	3	8	0
192	3	8	0
193	5	8	0
194	5	9	0
195	5	9	0
196	6	9	0
197	6	9	0
198	5	10	0
200	4	11	0
201	4	11	0
202	7	11	0
203	7	11	0
204	7	11	0
205	7	11	0
206	7	11	0
208	7	11	0
209	9	11	0
210	11	11	0
211	14	12	0
212	13	13	0
213	13	13	0
214	11	15	0
216	10	16	0
217	8	18	0
218	8	18	0
219	7	19	0
220	7	19	0
221	7	19	0
222	6	20	0
224	6	20	0
225	5	21	0
226	5	21	0
227	5	21	0
228	5	21	0
229	5	21	0
230	5	21	0
232	5	21	0
233	4	22	0
234	4	22	0
235	4	22	0
236	4	22	0
237	4	22	0
238	4	22	0
240	3	23	0
241	3	24	0
242	5	24	0
243	5	24	0
244	5	24	0
245	5	24	0
246	5	24	0
248	3	26	0
249	2	27	0
250	2	27	0
251	2	27	0
252	2	27	0
253	2	27	0
254	2	27	0
256	1	28	0
257	1	28	0
258	1	28	0
259	1	28	0
260	1	28	0
261	2	28	0
262	2	28	0
264	2	28	0
265	2	28	0
266	1	29	0
267	0	30	0
Final 30
1	0	0	0
2	0	0	0
3	0	0	0
4	0	0	0
5	0	0	0
6	0	0	0
8	0	0	0
9	0	0	0
10	0	0	0
11	0	0	0
12	0	0	0
13	0	0	0
14	0	0	0
16	0	0	0
17	0	0	0
18	0	0	0
19	0	0	0
20	0	0	0
21	0	0	0
22	0	0	0
24	0	0	0
25	0	0	1
26	0	0	0
27	0	0	0
28	0	0	0
29	0	0	0
30	0	0	0
32	0	0	0
33	0	0	0
34	0	0	0
35	0	0	0
36	0	0	0
37	0	0	0
38	0	0	0
40	0	0	0
41	0	0	0
42	0	0	0
43	0	0	0
44	0	0	0
45	0	0	0
46	0	0	0
48	0	0	0
49	0	0	0
50	0	0	0
51	0	0	0
52	0	0	0
53	0	0	0
54	0	0	0
56	0	0	0
57	0	0	0
58	0	0	0
59	0	0	0
60	0	0	0
61	0	0	0
62	0	0	0
64	0	0	0
65	0	0	0
66	0	0	0
67	0	0	0
68	0	0	0
69	0	0	0
70	0	0	0
72	0	0	0
73	0	0	0
74	0	0	0
75	0	0	0
76	0	0	0
77	0	0	0
78	0	0	0
80	0	0	0
81	0	0	0
82	0	0	0
83	0	0	0
84	0	0	0
85	0	0	0
86	0	0	0
88	0	0	0
89	0	0	1
90	0	0	0
91	0	0	0
92	0	0	0
93	0	0	0
94	0	0	0
96	0	0	0
97	0	0	0
98	0	0	0
99	0	0	0
100	0	0	0
101	0	0	0
102	0	0	0
104	0	0	0
105	0	0	0
106	0	0	0
107	0	0	0
108	0	0	0
109	0	0	0
110	0	0	0
112	0	0	0
113	0	0	0
114	0	0	0
115	0	0	0
116	0	0	0
117	0	0	0
118	0	0	0
120	0	0	0
121	0	0	0
122	0	0	0
123	0	0	0
124	0	0	0
125	0	0	0
126	0	0	0
128	0	0	0
129	0	0	0
130	0	0	0
131	0	0	0
132	0	0	0
133	0	0	0
134	0	0	0
136	0	0	0
137	0	0	0
138	0	0	0
139	0	0	0
140	0	0	0
141	0	0	0
142	0	0	0
144	0	0	0
145	0	0	0
146	0	0	0
147	0	0	0
148	0	0	0
149	0	0	0
150	0	0	0
152	0	0	0
153	3	0	1
154	5	0	0
155	5	0	0
156	4	1	0
157	3	2	0
158	3	2	0
160	3	2	0
161	3	2	0
162	2	3	0
163	1	4	0
164	1	4	0
165	1	4	0
166	1	4	0
168	1	4	0
169	1	4	0
170	1	4	0
171	1	4	0
172	1	4	0
173	1	4	0
174	1	4	0
176	1	4	0
177	1	4	0
178	1	4	0
179	1	4	0
180	1	4	0
181	1	4	0
182	0	5	0
Final 5
1	0	0	0
2	0	0	0
3	0	0	0
4	0	0	0
5	0	0	0
6	0	0	0
8	0	0	0
9	0	0	0
10	0	0	0
11	0	0	0
12	0	0	0
13	0	0	0
14	0	0	0
16	0	0	0
17	0	0	0
18	0	0	0
19	0	0	0
20	0	0	0
21	0	0	0
22	0	0	0
24	0	0	0
25	0	0	1
26	0	0	0
27	0	0	0
28	0	0	0
29	0	0	0
30	0	0	0
32	0	0	0
33	0	0	0
34	0	0	0
35	0	0	0
36	0	0	0
37	0	0	0
38	0	0	0
40	0	0	0
41	0	0	0
42	0	0	0
43	0	0	0
44	0	0	0
45	0	0	0
46	0	0	0
48	0	0	0
49	0	0	0
50	0	0	0
51	0	0	0
52	0	0	0
53	0	0	0
54	0	0	0
56	0	0	0
57	0	0	0
58	0	0	0
59	0	0	0
60	0	0	0
61	0	0	0
62	0	0	0
64	0	0	0
65	0	0	0
66	0	0	0
67	0	0	0
68	0	0	0
69	0	0	0
70	0	0	0
72	0	0	0
73	0	0	0
74	0	0	0
75	0	0	0
76	0	0	0
77	0	0	0
78	0	0	0
80	0	0	0
81	0	0	0
82	0	0	0
83	0	0	0
84	0	0	0
85	0	0	0
86	0	0	0
88	0	0	0
89	0	0	1
90	0	0	0
91	0	0	0
92	0	0	0
93	0	0	0
94	0	0	0
96	0	0	0
97	0	0	0
98	0	0	0
99	0	0	0
100	0	0	0
101	0	0	0
102	0	0	0
104	0	0	0
105	0	0	0
106	0	0	0
107	0	0	0
108	0	0	0
109	0	0	0
110	0	0	0
112	0	0	0
113	0	0	0
114	0	0	0
115	0	0	0
116	0	0	0
117	0	0	0
118	0	0	0
120	0	0	0
121	0	0	0
122	0	0	0
123	0	0	0
124	0	0	0
125	0	0	0
126	0	0	0
128	0	0	0
129	0	0	0
130	0	0	0
131	0	0	0
132	0	0	0
133	0	0	0
134	0	0	0
136	0	0	0
137	0	0	0
138	0	0	0
139	0	0	0
140	0	0	0
141	0	0	0
142	0	0	0
144	0	0	0
145	0	0	0
146	0	0	0
147	0	0	0
148	0	0	0
149	0	0	0
150	0	0	0
152	0	0	0
153	3	0	1
154	6	0	0
155	6	0	0
156	6	0	0
157	6	0	0
158	6	0	0
160	6	0	0
161	5	1	0
162	5	1	0
163	5	1	0
164	5	1	0
165	5	1	0
166	5	1	0
168	5	1	0
169	5	1	0
170	5	1	0
171	5	1	0
172	5	1	0
173	4	2	0
174	4	2	0
176	3	3	0
177	2	4	0
178	1	5	0
179	1	5	0
180	1	5	0
181	1	5	0
182	1	5	0
184	1	5	0
185	1	5	0
186	3	5	0
187	3	5	0
188	3	5	0
189	3	5	0
190	3	5	0
192	3	5	0
193	5	5	0
194	5	5	0
195	5	5	0
196	5	5	0
197	5	5	0
198	5	5	0
200	5	5	0
201	6	5	0
202	7	6	0
203	8	6	0
204	7	7	0
205	6	8	0
206	6	8	0
208	6	8	0
209	6	8	0
210	9	8	0
211	9	8	0
212	9	8	0
213	9	8	0
214	8	9	0
216	8	9	0
217	8	9	0
218	6	11	0
219	5	12	0
220	5	12	0
221	4	13	0
222	4	13	0
224	4	13	0
225	4	13	0
226	3	14	0
227	3	14	0
228	2	15	0
229	2	15	0
230	2	15	0
232	2	15	0
233	2	15	0
234	2	15	0
235	2	15	0
236	2	15	0
237	2	16	0
238	1	17	0
240	1	17	0
241	1	17	0
242	2	17	0
243	2	17	0
244	2	17	0
245	2	17	0
246	2	17	0
248	2	17	0
249	2	17	0
250	2	17	0
251	2	17	0
252	2	17	0
253	2	17	0
254	2	17	0
256	2	17	0
257	3	17	0
258	3	17	0
259	3	17	0
260	3	17	0
261	3	17	0
262	2	18	0
264	2	18	0
265	4	18	0
266	8	18	0
267	8	18	0
268	6	20	0
269	5	21	0
270	5	21	0
272	5	21	0
273	4	22	0
274	4	22	0
275	4	22	0
276	4	22	0
277	4	22	0
278	4	22	0
280	4	22	0
281	3	23	0
282	3	23	0
283	3	23	0
284	3	23	0
285	3	23	0
286	3	23	0
288	3	23	0
289	3	23	0
290	3	23	0
291	3	23	0
292	3	23	0
293	3	23	0
294	3	23	0
296	3	23	0
297	5	23	0
298	9	23	0
299	14	23	0
300	13	24	0
301	14	24	0
302	14	24	0
304	13	25	0
305	14	25	0
306	13	26	0
307	17	26	0
308	17	26	0
309	18	26	0
310	16	28	0
312	16	28	0
313	20	28	0
314	31	29	0
315	30	32	0
316	31	33	0
317	30	35	0
318	30	35	0
320	30	35	0
321	35	37	0
322	37	39	0
323	41	40	0
324	43	40	0
325	42	42	0
326	40	44	0
328	40	44	0
329	39	45	0
330	35	49	0
331	35	49	0
332	35	49	0
333	34	51	0
334	34	51	0
336	32	53	0
337	30	56	0
338	30	56	0
339	29	57	0
340	28	58	0
341	27	59	0
342	25	61	0
344	24	62	0
345	24	63	0
346	21	66	0
347	22	66	0
348	23	67	0
349	23	69	0
350	24	69	0
352	22	71	0
353	23	72	0
354	27	74	0
355	26	75	0
356	25	77	0
357	24	78	0
358	22	80	0
360	21	81	0
361	24	82	0
362	25	83	0
363	28	83	0
364	30	84	0
365	34	86	0
366	32	89	0
368	31	90	0
369	34	90	0
370	42	90	0
371	45	94	0
372	46	98	0
373	47	100	0
374	46	101	0
376	43	104	0
377	51	106	0
378	64	107	0
379	65	109	0
380	64	111	0
381	65	113	0
382	63	117	0
384	59	121	0
385	58	123	0
386	60	124	0
387	60	126	0
388	59	128	0
389	58	130	0
390	56	132	0
392	55	133	0
393	52	137	0
394	52	139	0
395	51	141	0
396	55	141	0
397	59	142	0
398	57	145	0
400	56	146	0
401	67	148	0
402	79	152	0
403	96	153	0
404	117	155	0
405	133	160	0
406	130	166	0
408	124	172	0
409	132	181	0
410	178	188	0
411	214	192	0
412	237	204	0
413	270	218	0
414	265	235	0
416	256	244	0
417	335	257	0
418	483	276	0
419	720	292	0
420	1097	319	0
421	1536	362	0
422	1520	425	0
424	1456	491	0
425	2005	560	0
426	2843	651	0
427	3522	775	0
428	3914	939	0
429	4137	1119	0
430	3987	1297	0
432	3821	1464	0
433	3974	1623	0
434	4168	1796	0
435	4255	1971	0
436	4257	2139	0
437	4117	2350	0
438	3923	2548	0
440	3759	2712	0
441	3600	2898	0
442	3522	3050	0
443	3443	3195	0
444	3358	3360	0
445	3245	3507	0
446	3110	3651	0
448	2980	3781	0
449	2832	3940	0
450	2743	4072	0
451	2668	4200	0
452	2612	4324	0
453	2526	4446	0
454	2432	4553	0
456	2314	4671	0
457	2307	4782	0
458	2384	4885	0
459	2438	4987	0
460	2444	5095	0
461	2414	5210	0
462	2324	5309	0
464	2224	5409	0
465	2201	5512	0
466	2218	5613	0
467	2205	5699	0
468	2197	5803	0
469	2168	5887	0
470	2081	5980	0
472	2004	6057	0
473	1961	6149	0
474	1939	6247	0
475	1926	6337	0
476	1912	6426	0
477	1885	6494	0
478	1802	6582	0
480	1714	6671	0
481	1672	6757	0
482	1681	6817	0
483	1667	6898	0
484	1618	6988	0
485	1577	7064	0
486	1510	7138	0
488	1431	7217	0
489	1392	7273	0
490	1355	7337	0
491	1323	7397	0
492	1278	7469	0
493	1239	7526	0
494	1185	7584	0
496	1132	7637	0
497	1086	7686	0
498	1044	7734	0
499	1014	7770	0
500	975	7822	0
501	936	7866	0
502	900	7904	0
504	855	7949	0
505	823	7982	0
506	795	8018	0
507	765	8057	0
508	731	8097	0
509	698	8136	0
510	668	8167	0
512	647	8188	0
513	642	8202	0
514	636	8223	0
515	622	8253	0
516	608	8284	0
517	604	8303	0
518	582	8326	0
520	565	8343	0
521	551	8364	0
522	542	8386	0
523	528	8410	0
524	516	8435	0
525	503	8459	0
526	477	8486	0
528	460	8503	0
529	460	8511	0
530	457	8529	0
531	452	8544	0
532	444	8567	0
533	440	8583	0
534	421	8603	0
536	404	8620	0
537	386	8641	0
538	373	8665	0
539	361	8682	0
540	351	8701	0
541	335	8719	0
542	318	8738	0
544	300	8756	0
545	286	8773	0
546	275	8789	0
547	273	8799	0
548	259	8813	0
549	243	8829	0
550	236	8836	0
552	227	8845	0
553	212	8860	0
554	199	8873	0
555	194	8879	0
556	186	8888	0
557	178	8896	0
558	164	8910	0
Final 9074
1	0	0	0
2	0	0	0
3	0	0	0
4	0	0	0
5	0	0	0
6	0	0	0
8	0	0	0
9	0	0	0
10	0	0	0
11	0	0	0
12	0	0	0
13	0	0	0
14	0	0	0
16	0	0	0
17	0	0	0
18	0	0	0
19	0	0	0
20	0	0	0
21	0	0	0
22	0	0	0
24	0	0	0
25	0	0	1
26	0	0	0
27	0	0	0
28	0	0	0
29	0	0	0
30	0	0	0
32	0	0	0
33	0	0	0
34	0	0	0
35	0	0	0
36	0	0	0
37	0	0	0
38	0	0	0
40	0	0	0
41	0	0	0
42	0	0	0
43	0	0	0
44	0	0	0
45	0	0	0
46	0	0	0
48	0	0	0
49	0	0	0
50	0	0	0
51	0	0	0
52	0	0	0
53	0	0	0
54	0	0	0
56	0	0	0
57	0	0	0
58	0	0	0
59	0	0	0
60	0	0	0
61	0	0	0
62	0	0	0
64	0	0	0
65	0	0	0
66	0	0	0
67	0	0	0
68	0	0	0
69	0	0	0
70	0	0	0
72	0	0	0
73	0	0	0
74	0	0	0
75	0	0	0
76	0	0	0
77	0	0	0
78	0	0	0
80	0	0	0
81	0	0	0
82	0	0	0
83	0	0	0
84	0	0	0
85	0	0	0
86	0	0	0
88	0	0	0
89	0	0	1
90	0	0	0
91	0	0	0
92	0	0	0
93	0	0	0
94	0	0	0
96	0	0	0
97	0	0	0
98	0	0	0
99	0	0	0
100	0	0	0
101	0	0	0
102	0	0	0
104	0	0	0
105	0	0	0
106	0	0	0
107	0	0	0
108	0	0	0
109	0	0	0
110	0	0	0
112	0	0	0
113	0	0	0
114	0	0	0
115	0	0	0
116	0	0	0
117	0	0	0
118	0	0	0
120	0	0	0
121	0	0	0
122	0	0	0
123	0	0	0
124	0	0	0
125	0	0	0
126	0	0	0
128	0	0	0
129	0	0	0
130	0	0	0
131	0	0	0
132	0	0	0
133	0	0	0
134	0	0	0
136	0	0	0
137	0	0	0
138	0	0	0
139	0	0	0
140	0	0	0
141	0	0	0
142	0	0	0
144	0	0	0
145	0	0	0
146	0	0	0
147	0	0	0
148	0	0	0
149	0	0	0
150	0	0	0
152	0	0	0
153	4	0	1
154	4	1	0
155	4	1	0
156	4	1	0
157	4	1	0
158	4	1	0
160	4	1	0
161	4	1	0
162	4	1	0
163	4	1	0
164	4	1	0
165	4	1	0
166	4	1	0
168	4	1	0
169	4	1	0
170	3	2	0
171	3	2	0
172	3	2	0
173	3	2	0
174	3	2	0
176	3	2	0
177	3	2	0
178	3	2	0
179	3	2	0
180	3	2	0
181	3	2	0
182	2	3	0
184	2	3	0
185	2	3	0
186	2	3	0
187	2	3	0
188	1	4	0
189	1	4	0
190	0	5	0
Final 5
1	0	0	0
2	0	0	0
3	0	0	0
4	0	0	0
5	0	0	0
6	0	0	0
8	0	0	0
9	0	0	0
10	0	0	0
11	0	0	0
12	0	0	0
13	0	0	0
14	0	0	0
16	0	0	0
17	0	0	0
18	0	0	0
19	0	0	0
20	0	0	0
21	0	0	0
22	0	0	0
24	0	0	0
25	0	0	1
26	0	0	0
27	0	0	0
28	0	0	0
29	0	0	0
30	0	0	0
32	0	0	0
33	0	0	0
34	0	0	0
35	0	0	0
36	0	0	0
37	0	0	0
38	0	0	0
40	0	0	0
41	0	0	0
42	0	0	0
43	0	0	0
44	0	0	0
45	0	0	0
46	0	0	0
48	0	0	0
49	0	0	0
50	0	0	0
51	0	0	0
52	0	0	0
53	0	0	0
54	0	0	0
56	0	0	0
57	0	0	0
58	0	0	0
59	0	0	0
60	0	0	0
61	0	0	0
62	0	0	0
64	0	0	0
65	0	0	0
66	0	0	0
67	0	0	0
68	0	0	0
69	0	0	0
70	0	0	0
72	0	0	0
73	0	0	0
74	0	0	0
75	0	0	0
76	0	0	0
77	0	0	0
78	0	0	0
80	0	0	0
81	0	0	0
82	0	0	0
83	0	0	0
84	0	0	0
85	0	0	0
86	0	0	0
88	0	0	0
89	0	0	1
90	0	0	0
91	0	0	0
92	0	0	0
93	0	0	0
94	0	0	0
96	0	0	0
97	0	0	0
98	0	0	0
99	0	0	0
100	0	0	0
101	0	0	0
102	0	0	0
104	0	0	0
105	0	0	0
106	0	0	0
107	0	0	0
108	0	0	0
109	0	0	0
110	0	0	0
112	0	0	0
113	0	0	0
114	0	0	0
115	0	0	0
116	0	0	0
117	0	0	0
118	0	0	0
120	0	0	0
121	0	0	0
122	0	0	0
123	0	0	0
124	0	0	0
125	0	0	0
126	0	0	0
128	0	0	0
129	0	0	0
130	0	0	0
131	0	0	0
132	0	0	0
133	0	0	0
134	0	0	0
136	0	0	0
137	0	0	0
138	0	0	0
139	0	0	0
140	0	0	0
141	0	0	0
142	0	0	0
144	0	0	0
145	0	0	0
146	0	0	0
147	0	0	0
148	0	0	0
149	0	0	0
150	0	0	0
152	0	0	0
153	2	0	1
154	4	0	0
155	4	0	0
156	4	0	0
157	4	0	0
158	4	0	0
160	4	0	0
161	4	0	0
162	3	1	0
163	3	1	0
164	3	1	0
165	3	1	0
166	3	1	0
168	3	1	0
169	3	1	0
170	3	1	0
171	3	1	0
172	3	1	0
173	3	1	0
174	3	1	0
176	3	1	0
177	4	1	0
178	4	1	0
179	4	1	0
180	4	1	0
181	4	1	0
182	4	1	0
184	4	1	0
185	6	1	0
186	7	1	0
187	7	1	0
188	7	2	0
189	7	2	0
190	7	2	0
192	7	2	0
193	7	3	0
194	10	3	0
195	10	3	0
196	9	4	0
197	10	4	0
198	10	4	0
200	10	4	0
201	15	4	0
202	23	4	0
203	24	4	0
204	28	4	0
205	27	6	0
206	27	6	0
208	27	6	0
209	41	8	0
210	53	11	0
211	53	15	0
212	54	15	0
213	54	17	0
214	52	19	0
216	50	21	0
217	48	23	0
218	44	27	0
219	41	30	0
220	40	31	0
221	40	32	0
222	38	34	0
224	37	35	0
225	34	38	0
226	34	38	0
227	34	38	0
228	34	40	0
229	34	40	0
230	33	41	0
232	30	44	0
233	34	44	0
234	35	46	0
235	37	48	0
236	38	49	0
237	39	49	0
238	38	50	0
240	37	51	0
241	47	52	0
242	58	54	0
243	66	55	0
244	72	58	0
245	74	61	0
246	73	62	0
248	72	63	0
249	90	68	0
250	115	71	0
251	156	75	0
252	167	85	0
253	184	91	0
254	178	104	0
256	174	108	0
257	200	118	0
258	244	129	0
259	323	143	0
260	401	157	0
261	488	175	0
262	484	194	0
264	463	215	0
265	550	232	0
266	719	263	0
267	884	301	0
268	1006	333	0
269	1112	382	0
270	1091	427	0
272	1031	487	0
273	994	544	0
274	998	588	0
275	1023	617	0
276	1032	679	0
277	1027	736	0
278	1016	774	0
280	968	822	0
281	958	864	0
282	986	893	0
283	1028	940	0
284	1100	987	0
285	1183	1040	0
286	1155	1095	0
288	1106	1145	0
289	1323	1201	0
290	1854	1253	0
291	2450	1339	0
292	2990	1442	0
293	3264	1573	0
294	3118	1748	0
296	2971	1901	0
297	3398	2032	0
298	3741	2200	0
299	3800	2379	0
300	3891	2545	0
301	3925	2706	0
302	3748	2901	0
304	3596	3054	0
305	3626	3220	0
306	3745	3355	0
307	3837	3525	0
308	3829	3711	0
309	3748	3889	0
310	3604	4046	0
312	3432	4218	0
313	3381	4391	0
314	3386	4535	0
315	3375	4677	0
316	3313	4836	0
317	3204	4996	0
318	3078	5134	0
320	2941	5271	0
321	2858	5402	0
322	2825	5529	0
323	2764	5644	0
324	2677	5780	0
325	2584	5896	0
326	2480	6006	0
328	2353	6134	0
329	2257	6246	0
330	2191	6333	0
331	2113	6430	0
332	2041	6527	0
333	1963	6618	0
334	1869	6717	0
336	1781	6805	0
337	1723	6877	0
338	1683	6937	0
339	1624	7018	0
340	1570	7091	0
341	1509	7169	0
342	1437	7245	0
344	1379	7303	0
345	1355	7349	0
346	1339	7403	0
347	1317	7467	0
348	1296	7523	0
349	1262	7577	0
350	1221	7624	0
352	1162	7683	0
353	1134	7731	0
354	1115	7782	0
355	1082	7840	0
356	1050	7891	0
357	1027	7935	0
358	981	7983	0
360	924	8040	0
361	893	8082	0
362	878	8120	0
363	853	8157	0
364	836	8191	0
365	822	8217	0
366	779	8262	0
368	752	8289	0
369	718	8333	0
370	708	8363	0
371	698	8393	0
372	679	8427	0
373	659	8453	0
374	615	8499	0
376	596	8518	0
377	584	8535	0
378	565	8560	0
379	550	8589	0
380	541	8608	0
381	533	8621	0
382	506	8648	0
384	480	8674	0
385	460	8696	0
386	443	8716	0
387	425	8736	0
388	404	8759	0
389	393	8773	0
390	369	8798	0
392	354	8813	0
393	338	8829	0
394	327	8840	0
395	311	8858	0
396	303	8870	0
397	292	8886	0
398	283	8897	0
400	271	8909	0
401	260	8922	0
402	255	8929	0
403	250	8937	0
404	242	8948	0
405	233	8961	0
406	221	8974	0
408	207	8988	0
409	198	8999	0
410	193	9008	0
411	187	9017	0
412	183	9023	0
413	174	9034	0
414	162	9047	0
416	149	9060	0
417	149	9065	0
418	144	9074	0
419	140	9081	0
420	140	9086	0
421	136	9094	0
422	133	9098	0
424	130	9101	0
425	127	9108	0
426	119	9117	0
427	118	9120	0
428	115	9125	0
429	114	9127	0
430	107	9135	0
432	102	9140	0
433	100	9142	0
434	92	9150	0
435	87	9156	0
436	85	9158	0
437	83	9160	0
438	77	9166	0
440	70	9173	0
441	70	9173	0
442	65	9178	0
443	61	9182	0
444	57	9186	0
445	55	9188	0
446	50	9193	0
448	49	9194	0
449	46	9197	0
450	46	9198	0
451	44	9200	0
452	42	9202	0
453	39	9205	0
454	36	9208	0
456	33	9211	0
457	31	9213	0
458	30	9216	0
459	31	9218	0
460	29	9221	0
461	28	9222	0
462	28	9222	0
464	28	9222	0
465	27	9223	0
466	27	9223	0
467	25	9225	0
468	25	9226	0
469	25	9226	0
470	25	9226	0
472	25	9226	0
473	24	9227	0
474	24	9227	0
475	25	9227	0
476	25	9227	0
477	23	9229	0
478	23	9229	0
480	19	9233	0
481	18	9234	0
482	16	9237	0
483	15	9238	0
484	16	9238	0
485	16	9238	0
486	15	9239	0
488	13	9241	0
489	13	9241	0
490	14	9241	0
491	13	9242	0
492	13	9242	0
493	14	9243	0
494	14	9243	0
496	13	9244	0
497	10	9247	0
498	10	9247	0
499	10	9247	0
500	9	9248	0
501	9	9248	0
502	9	9248	0
504	8	9249	0
505	7	9250	0
506	7	9250	0
507	7	9250	0
508	7	9250	0
509	7	9250	0
510	7	9250	0
512	6	9251	0
513	6	9251	0
514	6	9251	0
515	5	9252	0
516	4	9253	0
517	4	9253	0
518	4	9253	0
520	4	9253	0
521	4	9253	0
522	3	9254	0
523	3	9254	0
524	3	9254	0
525	3	9254	0
526	3	9254	0
528	3	9254	0
529	3	9254	0
530	3	9254	0
531	3	9254	0
532	2	9255	0
533	2	9255	0
534	2	9255	0
536	2	9255	0
537	2	9255	0
538	3	9255	0
539	3	9255	0
540	3	9255	0
541	4	9255	0
542	4	9255	0
544	4	9255	0
545	4	9255	0
546	4	9255	0
547	4	9255	0
548	4	9255	0
549	4	9255	0
550	4	9255	0
552	4	9255	0
553	4	9255	0
554	3	9256	0
555	3	9256	0
556	3	9256	0
557	3	9256	0
558	3	9256	0
Final 9259
1	0	0	0
2	0	0	0
3	0	0	0
4	0	0	0
5	0	0	0
6	0	0	0
8	0	0	0
9	0	0	0
10	0	0	0
11	0	0	0
12	0	0	0
13	0	0	0
14	0	0	0
16	0	0	0
17	0	0	0
18	0	0	0
19	0	0	0
20	0	0	0
21	0	0	0
22	0	0	0
24	0	0	0
25	0	0	1
26	0	0	0
27	0	0	0
28	0	0	0
29	0	0	0
30	0	0	0
32	0	0	0
33	0	0	0
34	0	0	0
35	0	0	0
36	0	0	0
37	0	0	0
38	0	0	0
40	0	0	0
41	0	0	0
42	0	0	0
43	0	0	0
44	0	0	0
45	0	0	0
46	0	0	0
48	0	0	0
49	0	0	0
50	0	0	0
51	0	0	0
52	0	0	0
53	0	0	0
54	0	0	0
56	0	0	0
57	0	0	0
58	0	0	0
59	0	0	0
60	0	0	0
61	0	0	0
62	0	0	0
64	0	0	0
65	0	0	0
66	0	0	0
67	0	0	0
68	0	0	0
69	0	0	0
70	0	0	0
72	0	0	0
73	0	0	0
74	0	0	0
75	0	0	0
76	0	0	0
77	0	0	0
78	0	0	0
80	0	0	0
81	0	0	0
82	0	0	0
83	0	0	0
84	0	0	0
85	0	0	0
86	0	0	0
88	0	0	0
89	0	0	1
90	0	0	0
91	0	0	0
92	0	0	0
93	0	0	0
94	0	0	0
96	0	0	0
97	0	0	0
98	0	0	0
99	0	0	0
100	0	0	0
101	0	0	0
102	0	0	0
104	0	0	0
105	0	0	0
106	0	0	0
107	0	0	0
108	0	0	0
109	0	0	0
110	0	0	0
112	0	0	0
113	0	0	0
114	0	0	0
115	0	0	0
116	0	0	0
117	0	0	0
118	0	0	0
120	0	0	0
121	0	0	0
122	0	0	0
123	0	0	0
124	0	0	0
125	0	0	0
126	0	0	0
128	0	0	0
129	0	0	0
130	0	0	0
131	0	0	0
132	0	0	0
133	0	0	0
134	0	0	0
136	0	0	0
137	0	0	0
138	0	0	0
139	0	0	0
140	0	0	0
141	0	0	0
142	0	0	0
144	0	0	0
145	0	0	0
146	0	0	0
147	0	0	0
148	0	0	0
149	0	0	0
150	0	0	0
152	0	0	0
153	6	0	1
154	11	1	0
155	11	1	0
156	11	1	0
157	11	2	0
158	11	2	0
160	11	2	0
161	10	3	0
162	10	4	0
163	11	4	0
164	10	5	0
165	10	5	0
166	9	6	0
168	9	6	0
169	9	6	0
170	8	7	0
171	8	7	0
172	8	7	0
173	8	7	0
174	7	8	0
176	7	8	0
177	7	8	0
178	7	8	0
179	7	8	0
180	6	9	0
181	6	9	0
182	6	9	0
184	6	9	0
185	7	9	0
186	11	9	0
187	11	9	0
188	10	10	0
189	10	10	0
190	10	10	0
192	9	11	0
193	10	11	0
194	11	11	0
195	12	11	0
196	12	11	0
197	13	11	0
198	13	11	0
200	12	12	0
201	16	13	0
202	19	13	0
203	17	17	0
204	18	17	0
205	18	18	0
206	17	19	0
208	17	19	0
209	25	19	0
210	29	20	0
211	30	20	0
212	29	21	0
213	28	23	0
214	25	26	0
216	23	28	0
217	22	29	0
218	21	30	0
219	20	31	0
220	20	31	0
221	19	32	0
222	19	32	0
224	18	33	0
225	17	34	0
226	18	35	0
227	18	35	0
228	18	35	0
229	16	37	0
230	16	37	0
232	14	39	0
233	13	41	0
234	14	42	0
235	17	43	0
236	18	43	0
237	19	43	0
238	17	45	0
240	15	47	0
241	16	48	0
242	19	48	0
243	23	48	0
244	25	49	0
245	25	50	0
246	24	51	0
248	24	51	0
249	31	51	0
250	37	51	0
251	41	54	0
252	45	56	0
253	42	62	0
254	43	62	0
256	41	65	0
257	48	66	0
258	67	66	0
259	81	69	0
260	88	73	0
261	93	77	0
262	97	79	0
264	92	84	0
265	107	92	0
266	128	99	0
267	145	102	0
268	155	109	0
269	174	119	0
270	169	125	0
272	161	133	0
273	149	147	0
274	144	155	0
275	141	162	0
276	138	169	0
277	135	173	0
278	128	180	0
280	117	191	0
281	113	195	0
282	112	200	0
283	109	206	0
284	108	210	0
285	114	214	0
286	112	216	0
288	108	220	0
289	116	224	0
290	148	228	0
291	175	237	0
292	207	251	0
293	240	265	0
294	231	279	0
296	221	289	0
297	273	298	0
298	395	309	0
299	472	330	0
300	540	351	0
301	644	377	0
302	645	409	0
304	611	444	0
305	852	477	0
306	1220	510	0
307	1816	576	0
308	2654	652	0
309	3281	770	0
310	3152	933	0
312	3015	1075	0
313	3522	1209	0
314	4026	1355	0
315	4326	1537	0
316	4519	1715	0
317	4542	1944	0
318	4341	2162	0
320	4158	2346	0
321	4171	2537	0
322	4221	2731	0
323	4194	2939	0
324	4093	3156	0
325	3977	3342	0
326	3790	3537	0
328	3611	3716	0
329	3470	3877	0
330	3344	4041	0
331	3233	4204	0
332	3124	4347	0
333	3010	4484	0
334	2888	4606	0
336	2759	4735	0
337	2640	4871	0
338	2562	4982	0
339	2518	5082	0
340	2450	5200	0
341	2367	5306	0
342	2280	5397	0
344	2186	5491	0
345	2137	5599	0
346	2138	5711	0
347	2140	5806	0
348	2123	5888	0
349	2072	5990	0
350	1993	6073	0
352	1897	6169	0
353	1871	6254	0
354	1869	6334	0
355	1851	6421	0
356	1822	6509	0
357	1784	6593	0
358	1705	6682	0
360	1632	6755	0
361	1597	6828	0
362	1604	6901	0
363	1569	6987	0
364	1534	7071	0
365	1501	7134	0
366	1436	7205	0
368	1379	7262	0
369	1343	7330	0
370	1333	7384	0
371	1317	7442	0
372	1299	7497	0
373	1273	7551	0
374	1230	7597	0
376	1160	7667	0
377	1137	7706	0
378	1104	7760	0
379	1076	7811	0
380	1044	7867	0
381	1017	7907	0
382	971	7955	0
384	932	7994	0
385	892	8037	0
386	873	8065	0
387	832	8112	0
388	804	8149	0
389	780	8179	0
390	739	8220	0
392	703	8256	0
393	671	8288	0
394	636	8331	0
395	608	8365	0
396	590	8390	0
397	571	8411	0
398	548	8434	0
400	521	8461	0
401	499	8489	0
402	486	8513	0
403	476	8533	0
404	468	8553	0
405	462	8571	0
406	443	8591	0
408	429	8605	0
409	413	8625	0
410	402	8646	0
411	393	8665	0
412	379	8685	0
413	368	8702	0
414	350	8721	0
416	339	8732	0
417	328	8747	0
418	316	8768	0
419	308	8782	0
420	304	8792	0
421	294	8805	0
422	288	8813	0
424	276	8825	0
425	271	8834	0
426	272	8843	0
427	264	8853	0
428	256	8870	0
429	248	8882	0
430	235	8898	0
432	219	8914	0
433	213	8923	0
434	204	8937	0
435	199	8950	0
436	191	8961	0
437	186	8969	0
438	180	8977	0
440	170	8988	0
441	166	8992	0
442	158	9000	0
443	152	9006	0
444	150	9010	0
445	146	9016	0
446	141	9021	0
448	131	9031	0
449	128	9034	0
450	121	9042	0
451	113	9052	0
452	106	9059	0
453	104	9061	0
454	98	9067	0
456	92	9073	0
457	89	9076	0
458	85	9081	0
459	83	9085	0
460	83	9085	0
461	83	9086	0
462	82	9088	0
464	78	9092	0
465	76	9095	0
466	76	9097	0
467	77	9099	0
468	76	9101	0
469	70	9107	0
470	70	9108	0
472	68	9110	0
473	65	9114	0
474	64	9118	0
475	63	9121	0
476	60	9126	0
477	55	9132	0
478	53	9135	0
480	51	9137	0
481	49	9139	0
482	48	9142	0
483	50	9142	0
484	49	9145	0
485	48	9147	0
486	44	9151	0
488	42	9153	0
489	39	9156	0
490	41	9157	0
491	40	9158	0
492	39	9160	0
493	38	9161	0
494	37	9162	0
496	36	9163	0
497	31	9168	0
498	31	9168	0
499	29	9170	0
500	28	9171	0
501	28	9172	0
502	27	9173	0
504	26	9174	0
505	24	9176	0
506	23	9177	0
507	23	9177	0
508	23	9177	0
509	23	9178	0
510	21	9180	0
512	20	9181	0
513	19	9182	0
514	16	9185	0
515	16	9185	0
516	15	9186	0
517	14	9187	0
518	14	9187	0
520	14	9187	0
521	13	9188	0
522	13	9188	0
523	12	9189	0
524	12	9189	0
525	11	9190	0
526	12	9190	0
528	12	9190	0
529	11	9191	0
530	12	9191	0
531	11	9192	0
532	12	9192	0
533	12	9193	0
534	12	9193	0
536	12	9193	0
537	12	9193	0
538	14	9193	0
539	12	9195	0
540	12	9195	0
541	12	9195	0
542	12	9195	0
544	12	9195	0
545	10	9197	0
546	11	9197	0
547	11	9197	0
548	11	9197	0
549	10	9198	0
550	9	9199	0
552	9	9199	0
553	9	9199	0
554	9	9199	0
555	9	9199	0
556	9	9199	0
557	10	9199	0
558	9	9200	0
Final 9209
1	0	0	0
2	0	0	0
3	0	0	0
4	0	0	0
5	0	0	0
6	0	0	0
8	0	0	0
9	0	0	0
10	0	0	0
11	0	0	0
12	0	0	0
13	0	0	0
14	0	0	0
16	0	0	0
17	0	0	0
18	0	0	0
19	0	0	0
20	0	0	0
21	0	0	0
22	0	0	0
24	0	0	0
25	0	0	1
26	0	0	0
27	0	0	0
28	0	0	0
29	0	0	0
30	0	0	0
32	0	0	0
33	0	0	0
34	0	0	0
35	0	0	0
36	0	0	0
37	0	0	0
38	0	0	0
40	0	0	0
41	0	0	0
42	0	0	0
43	0	0	0
44	0	0	0
45	0	0	0
46	0	0	0
48	0	0	0
49	0	0	0
50	0	0	0
51	0	0	0
52	0	0	0
53	0	0	0
54	0	0	0
56	0	0	0
57	0	0	0
58	0	0	0
59	0	0	0
60	0	0	0
61	0	0	0
62	0	0	0
64	0	0	0
65	0	0	0
66	0	0	0
67	0	0	0
68	0	0	0
69	0	0	0
70	0	0	0
72	0	0	0
73	0	0	0
74	0	0	0
75	0	0	0
76	0	0	0
77	0	0	0
78	0	0	0
80	0	0	0
81	0	0	0
82	0	0	0
83	0	0	0
84	0	0	0
85	0	0	0
86	0	0	0
88	0	0	0
89	0	0	1
90	0	0	0
91	0	0	0
92	0	0	0
93	0	0	0
94	0	0	0
96	0	0	0
97	0	0	0
98	0	0	0
99	0	0	0
100	0	0	0
101	0	0	0
102	0	0	0
104	0	0	0
105	0	0	0
106	0	0	0
107	0	0	0
108	0	0	0
109	0	0	0
110	0	0	0
112	0	0	0
113	0	0	0
114	0	0	0
115	0	0	0
116	0	0	0
117	0	0	0
118	0	0	0
120	0	0	0
121	0	0	0
122	0	0	0
123	0	0	0
124	0	0	0
125	0	0	0
126	0	0	0
128	0	0	0
129	0	0	0
130	0	0	0
131	0	0	0
132	0	0	0
133	0	0	0
134	0	0	0
136	0	0	0
137	0	0	0
138	0	0	0
139	0	0	0
140	0	0	0
141	0	0	0
142	0	0	0
144	0	0	0
145	0	0	0
146	0	0	0
147	0	0	0
148	0	0	0
149	0	0	0
150	0	0	0
152	0	0	0
153	3	0	1
154	6	0	0
155	6	0	0
156	6	0	0
157	5	1	0
158	5	1	0
160	5	1	0
161	5	1	0
162	5	1	0
163	4	2	0
164	4	2	0
165	4	2	0
166	4	2	0
168	4	2	0
169	4	2	0
170	4	2	0
171	4	2	0
172	4	2	0
173	4	2	0
174	4	2	0
176	4	2	0
177	6	2	0
178	6	2	0
179	5	3	0
180	4	4	0
181	3	5	0
182	3	5	0
184	2	6	0
185	3	6	0
186	5	6	0
187	5	6	0
188	5	6	0
189	5	6	0
190	5	6	0
192	4	7	0
193	3	8	0
194	3	8	0
195	3	8	0
196	3	8	0
197	3	8	0
198	2	9	0
200	2	9	0
201	3	9	0
202	5	9	0
203	5	9	0
204	5	9	0
205	5	9	0
206	5	9	0
208	5	9	0
209	7	9	0
210	10	10	0
211	10	10	0
212	9	11	0
213	9	11	0
214	8	12	0
216	8	12	0
217	8	12	0
218	8	12	0
219	8	12	0
220	7	13	0
221	7	13	0
222	7	13	0
224	7	13	0
225	7	13	0
226	7	13	0
227	6	14	0
228	6	14	0
229	6	14	0
230	6	14	0
232	5	15	0
233	5	15	0
234	5	15	0
235	5	15	0
236	5	15	0
237	5	15	0
238	5	15	0
240	5	15	0
241	7	15	0
242	8	15	0
243	6	17	0
244	7	17	0
245	7	17	0
246	7	17	0
248	7	17	0
249	9	17	0
250	9	17	0
251	11	17	0
252	9	19	0
253	8	20	0
254	8	20	0
256	8	20	0
257	8	20	0
258	8	20	0
259	8	20	0
260	7	21	0
261	7	22	0
262	7	22	0
264	7	22	0
265	13	22	0
266	21	23	0
267	19	26	0
268	17	28	0
269	17	29	0
270	16	30	0
272	16	30	0
273	15	31	0
274	15	31	0
275	15	31	0
276	16	31	0
277	16	31	0
278	14	33	0
280	14	33	0
281	13	34	0
282	13	35	0
283	11	37	0
284	9	39	0
285	10	39	0
286	10	39	0
288	10	39	0
289	9	40	0
290	8	41	0
291	8	41	0
292	8	41	0
293	7	42	0
294	7	42	0
296	7	42	0
297	8	43	0
298	10	43	0
299	11	43	0
300	9	46	0
301	10	46	0
302	9	47	0
304	9	47	0
305	12	47	0
306	18	47	0
307	18	49	0
308	18	50	0
309	19	50	0
310	18	51	0
312	17	52	0
313	19	53	0
314	23	53	0
315	24	55	0
316	24	57	0
317	24	58	0
318	23	59	0
320	21	61	0
321	24	62	0
322	28	64	0
323	29	65	0
324	29	66	0
325	30	67	0
326	30	67	0
328	27	70	0
329	24	73	0
330	23	74	0
331	23	74	0
332	23	74	0
333	23	74	0
334	22	75	0
336	19	78	0
337	19	78	0
338	19	78	0
339	16	81	0
340	16	81	0
341	17	81	0
342	16	82	0
344	16	82	0
345	17	83	0
346	25	83	0
347	28	84	0
348	28	86	0
349	28	87	0
350	27	88	0
352	24	91	0
353	25	92	0
354	30	95	0
355	30	96	0
356	31	96	0
357	34	96	0
358	35	96	0
360	33	98	0
361	34	99	0
362	38	100	0
363	43	101	0
364	55	101	0
365	62	105	0
366	60	107	0
368	54	113	0
369	69	119	0
370	87	123	0
371	105	123	0
372	123	130	0
373	132	135	0
374	131	140	0
376	125	147	0
377	139	154	0
378	180	163	0
379	207	169	0
380	220	176	0
381	222	189	0
382	217	196	0
384	206	207	0
385	204	214	0
386	215	220	0
387	218	226	0
388	225	232	0
389	224	241	0
390	207	258	0
392	203	262	0
393	197	275	0
394	202	282	0
395	206	296	0
396	216	308	0
397	230	317	0
398	224	327	0
400	217	334	0
401	259	342	0
402	370	358	0
403	534	380	0
404	709	414	0
405	932	444	0
406	907	493	0
408	873	529	0
409	1243	565	0
410	1978	624	0
411	2412	714	0
412	2707	830	0
413	2980	955	0
414	2884	1100	0
416	2739	1247	0
417	3164	1356	0
418	3628	1513	0
419	4054	1692	0
420	4344	1863	0
421	4426	2037	0
422	4248	2224	0
424	4062	2412	0
425	4109	2604	0
426	4197	2774	0
427	4264	2944	0
428	4261	3140	0
429	4191	3327	0
430	4037	3501	0
432	3873	3665	0
433	3802	3838	0
434	3778	4007	0
435	3702	4183	0
436	3595	4374	0
437	3464	4548	0
438	3305	4713	0
440	3158	4860	0
441	3031	5003	0
442	2921	5142	0
443	2825	5273	0
444	2711	5415	0
445	2606	5546	0
446	2512	5652	0
448	2399	5765	0
449	2289	5883	0
450	2201	5991	0
451	2116	6094	0
452	2061	6177	0
453	1981	6270	0
454	1897	6359	0
456	1804	6452	0
457	1734	6546	0
458	1710	6633	0
459	1676	6712	0
460	1644	6792	0
461	1600	6873	0
462	1544	6935	0
464	1476	7003	0
465	1452	7066	0
466	1447	7122	0
467	1407	7197	0
468	1367	7280	0
469	1335	7343	0
470	1286	7401	0
472	1237	7450	0
473	1179	7524	0
474	1166	7568	0
475	1148	7626	0
476	1133	7676	0
477	1108	7722	0
478	1071	7761	0
480	1028	7804	0
481	994	7858	0
482	977	7903	0
483	951	7952	0
484	922	7998	0
485	893	8037	0
486	856	8082	0
488	809	8130	0
489	773	8173	0
490	759	8208	0
491	735	8248	0
492	711	8282	0
493	683	8311	0
494	655	8340	0
496	632	8363	0
497	612	8388	0
498	595	8409	0
499	572	8436	0
500	549	8463	0
501	528	8488	0
502	507	8511	0
504	480	8538	0
505	451	8567	0
506	428	8595	0
507	415	8610	0
508	403	8627	0
509	387	8646	0
510	370	8666	0
512	356	8680	0
513	343	8695	0
514	328	8714	0
515	321	8729	0
516	313	8743	0
517	304	8757	0
518	287	8774	0
520	274	8787	0
521	268	8796	0
522	267	8802	0
523	259	8818	0
524	250	8831	0
525	244	8842	0
526	235	8851	0
528	225	8861	0
529	218	8869	0
530	213	8880	0
531	208	8887	0
532	201	8896	0
533	200	8901	0
534	189	8913	0
536	186	8916	0
537	183	8922	0
538	185	8927	0
539	182	8935	0
540	174	8947	0
541	168	8957	0
542	158	8968	0
544	152	8974	0
545	143	8983	0
546	139	8991	0
547	137	8998	0
548	133	9004	0
549	126	9011	0
550	121	9016	0
552	115	9022	0
553	109	9029	0
554	103	9035	0
555	100	9040	0
556	97	9045	0
557	92	9050	0
558	87	9055	0
Final 9142
1	0	0	0
2	0	0	0
3	0	0	0
4	0	0	0
5	0	0	0
6	0	0	0
8	0	0	0
9	0	0	0
10	0	0	0
11	0	0	0
12	0	0	0
13	0	0	0
14	0	0	0
16	0	0	0
17	0	0	0
18	0	0	0
19	0	0	0
20	0	0	0
21	0	0	0
22	0	0	0
24	0	0	0
25	0	0	1
26	0	0	0
27	0	0	0
28	0	0	0
29	0	0	0
30	0	0	0
32	0	0	0
33	0	0	0
34	0	0	0
35	0	0	0
36	0	0	0
37	0	0	0
38	0	0	0
40	0	0	0
41	0	0	0
42	0	0	0
43	0	0	0
44	0	0	0
45	0	0	0
46	0	0	0
48	0	0	0
49	0	0	0
50	0	0	0
51	0	0	0
52	0	0	0
53	0	0	0
54	0	0	0
56	0	0	0
57	0	0	0
58	0	0	0
59	0	0	0
60	0	0	0
61	0	0	0
62	0	0	0
64	0	0	0
65	0	0	0
66	0	0	0
67	0	0	0
68	0	0	0
69	0	0	0
70	0	0	0
72	0	0	0
73	0	0	0
74	0	0	0
75	0	0	0
76	0	0	0
77	0	0	0
78	0	0	0
80	0	0	0
81	0	0	0
82	0	0	0
83	0	0	0
84	0	0	0
85	0	0	0
86	0	0	0
88	0	0	0
89	0	0	1
90	0	0	0
91	0	0	0
92	0	0	0
93	0	0	0
94	0	0	0
96	0	0	0
97	0	0	0
98	0	0	0
99	0	0	0
100	0	0	0
101	0	0	0
102	0	0	0
104	0	0	0
105	0	0	0
106	0	0	0
107	0	0	0
108	0	0	0
109	0	0	0
110	0	0	0
112	0	0	0
113	0	0	0
114	0	0	0
115	0	0	0
116	0	0	0
117	0	0	0
118	0	0	0
120	0	0	0
121	0	0	0
122	0	0	0
123	0	0	0
124	0	0	0
125	0	0	0
126	0	0	0
128	0	0	0
129	0	0	0
130	0	0	0
131	0	0	0
132	0	0	0
133	0	0	0
134	0	0	0
136	0	0	0
137	0	0	0
138	0	0	0
139	0	0	0
140	0	0	0
141	0	0	0
142	0	0	0
144	0	0	0
145	0	0	0
146	0	0	0
147	0	0	0
148	0	0	0
149	0	0	0
150	0	0	0
152	0	0	0
153	2	0	1
154	1	1	0
155	1	1	0
156	1	1	0
157	1	1	0
158	1	1	0
160	1	1	0
161	1	1	0
162	1	1	0
163	1	1	0
164	1	1	0
165	1	1	0
166	1	1	0
168	1	1	0
169	1	1	0
170	1	1	0
171	1	1	0
172	1	1	0
173	1	1	0
174	1	1	0
176	0	2	0
Final 2
1	0	0	0
2	0	0	0
3	0	0	0
4	0	0	0
5	0	0	0
6	0	0	0
8	0	0	0
9	0	0	0
10	0	0	0
11	0	0	0
12	0	0	0
13	0	0	0
14	0	0	0
16	0	0	0
17	0	0	0
18	0	0	0
19	0	0	0
20	0	0	0
21	0	0	0
22	0	0	0
24	0	0	0
25	0	0	1
26	0	0	0
27	0	0	0
28	0	0	0
29	0	0	0
30	0	0	0
32	0	0	0
33	0	0	0
34	0	0	0
35	0	0	0
36	0	0	0
37	0	0	0
38	0	0	0
40	0	0	0
41	0	0	0
42	0	0	0
43	0	0	0
44	0	0	0
45	0	0	0
46	0	0	0
48	0	0	0
49	0	0	0
50	0	0	0
51	0	0	0
52	0	0	0
53	0	0	0
54	0	0	0
56	0	0	0
57	0	0	0
58	0	0	0
59	0	0	0
60	0	0	0
61	0	0	0
62	0	0	0
64	0	0	0
65	0	0	0
66	0	0	0
67	0	0	0
68	0	0	0
69	0	0	0
70	0	0	0
72	0	0	0
73	0	0	0
74	0	0	0
75	0	0	0
76	0	0	0
77	0	0	0
78	0	0	0
80	0	0	0
81	0	0	0
82	0	0	0
83	0	0	0
84	0	0	0
85	0	0	0
86	0	0	0
88	0	0	0
89	0	0	1
90	0	0	0
91	0	0	0
92	0	0	0
93	0	0	0
94	0	0	0
96	0	0	0
97	0	0	0
98	0	0	0
99	0	0	0
100	0	0	0
101	0	0	0
102	0	0	0
104	0	0	0
105	0	0	0
106	0	0	0
107	0	0	0
108	0	0	0
109	0	0	0
110	0	0	0
112	0	0	0
113	0	0	0
114	0	0	0
115	0	0	0
116	0	0	0
117	0	0	0
118	0	0	0
120	0	0	0
121	0	0	0
122	0	0	0
123	0	0	0
124	0	0	0
125	0	0	0
126	0	0	0
128	0	0	0
129	0	0	0
130	0	0	0
131	0	0	0
132	0	0	0
133	0	0	0
134	0	0	0
136	0	0	0
137	0	0	0
138	0	0	0
139	0	0	0
140	0	0	0
141	0	0	0
142	0	0	0
144	0	0	0
145	0	0	0
146	0	0	0
147	0	0	0
148	0	0	0
149	0	0	0
150	0	0	0
152	0	0	0
153	6	0	1
154	17	0	0
155	16	1	0
156	17	2	0
157	17	2	0
158	16	3	0
160	15	4	0
161	15	4	0
162	15	4	0
163	16	4	0
164	15	5	0
165	16	5	0
166	16	5	0
168	15	6	0
169	15	6	0
170	14	7	0
171	13	8	0
172	11	10	0
173	11	10	0
174	12	10	0
176	11	11	0
177	11	11	0
178	11	11	0
179	10	12	0
180	10	12	0
181	11	12	0
182	10	13	0
184	10	13	0
185	13	13	0
186	14	13	0
187	13	14	0
188	13	14	0
189	13	14	0
190	11	16	0
192	8	19	0
193	8	19	0
194	8	19	0
195	10	19	0
196	9	20	0
197	7	22	0
198	7	22	0
200	6	23	0
201	6	23	0
202	6	23	0
203	7	23	0
204	7	23	0
205	6	24	0
206	5	25	0
208	3	27	0
209	6	27	0
210	9	27	0
211	9	27	0
212	8	28	0
213	8	28	0
214	8	28	0
216	7	29	0
217	4	32	0
218	4	32	0
219	3	33	0
220	3	33	0
221	3	33	0
222	3	33	0
224	3	33	0
225	3	33	0
226	3	33	0
227	3	33	0
228	3	33	0
229	3	33	0
230	3	33	0
232	3	33	0
233	3	33	0
234	4	33	0
235	4	33	0
236	4	33	0
237	3	34	0
238	3	34	0
240	3	34	0
241	5	34	0
242	8	35	0
243	8	35	0
244	8	35	0
245	8	35	0
246	8	35	0
248	7	36	0
249	8	36	0
250	8	36	0
251	10	36	0
252	9	37	0
253	9	37	0
254	8	38	0
256	8	38	0
257	9	38	0
258	9	39	0
259	11	39	0
260	11	39	0
261	10	40	0
262	10	40	0
264	10	40	0
265	11	41	0
266	14	42	0
267	17	42	0
268	16	43	0
269	16	43	0
270	16	43	0
272	14	45	0
273	12	47	0
274	11	48	0
275	11	48	0
276	11	48	0
277	10	49	0
278	10	49	0
280	10	49	0
281	10	49	0
282	9	50	0
283	9	50	0
284	10	50	0
285	10	50	0
286	10	50	0
288	10	50	0
289	10	50	0
290	10	50	0
291	8	52	0
292	8	52	0
293	9	52	0
294	7	54	0
296	7	54	0
297	6	55	0
298	8	55	0
299	8	55	0
300	7	56	0
301	7	56	0
302	7	56	0
304	7	56	0
305	10	56	0
306	14	56	0
307	17	56	0
308	20	56	0
309	19	59	0
310	19	59	0
312	19	59	0
313	20	59	0
314	23	60	0
315	23	62	0
316	25	64	0
317	26	64	0
318	26	64	0
320	26	64	0
321	39	65	0
322	45	67	0
323	48	67	0
324	50	68	0
325	47	72	0
326	46	73	0
328	43	76	0
329	42	77	0
330	40	79	0
331	40	79	0
332	37	82	0
333	36	83	0
334	34	85	0
336	33	86	0
337	31	88	0
338	30	89	0
339	28	91	0
340	28	92	0
341	28	92	0
342	27	93	0
344	26	94	0
345	31	94	0
346	35	94	0
347	36	94	0
348	39	94	0
349	36	98	0
350	36	99	0
352	35	100	0
353	47	101	0
354	67	101	0
355	70	103	0
356	67	108	0
357	69	111	0
358	63	117	0
360	62	118	0
361	75	119	0
362	88	124	0
363	112	125	0
364	136	133	0
365	168	140	0
366	164	145	0
368	157	152	0
369	199	155	0
370	260	167	0
371	355	181	0
372	488	193	0
373	598	224	0
374	591	253	0
376	566	280	0
377	688	307	0
378	947	343	0
379	1255	379	0
380	1436	449	0
381	1584	518	0
382	1523	594	0
384	1446	672	0
385	1429	746	0
386	1502	813	0
387	1576	882	0
388	1624	963	0
389	1632	1059	0
390	1570	1133	0
392	1491	1212	0
393	1455	1285	0
394	1539	1341	0
395	1599	1397	0
396	1664	1459	0
397	1673	1539	0
398	1602	1623	0
400	1513	1712	0
401	1755	1778	0
402	2342	1846	0
403	2925	1946	0
404	3288	2081	0
405	3449	2232	0
406	3312	2388	0
408	3152	2553	0
409	3403	2680	0
410	3693	2832	0
411	3720	3021	0
412	3716	3203	0
413	3706	3365	0
414	3547	3538	0
416	3389	3696	0
417	3376	3854	0
418	3421	4013	0
419	3473	4153	0
420	3456	4320	0
421	3381	4476	0
422	3243	4630	0
424	3117	4757	0
425	3072	4888	0
426	3023	5040	0
427	3021	5161	0
428	2955	5295	0
429	2878	5425	0
430	2750	5568	0
432	2618	5700	0
433	2539	5822	0
434	2505	5927	0
435	2451	6032	0
436	2384	6150	0
437	2298	6254	0
438	2202	6353	0
440	2104	6451	0
441	2029	6538	0
442	1953	6631	0
443	1890	6712	0
444	1831	6783	0
445	1768	6856	0
446	1682	6945	0
448	1609	7018	0
449	1539	7092	0
450	1474	7167	0
451	1428	7230	0
452	1369	7301	0
453	1317	7360	0
454	1268	7418	0
456	1201	7485	0
457	1160	7548	0
458	1135	7600	0
459	1101	7662	0
460	1076	7712	0
461	1044	7762	0
462	992	7817	0
464	950	7859	0
465	937	7898	0
466	923	7938	0
467	904	7982	0
468	881	8026	0
469	865	8060	0
470	821	8107	0
472	785	8143	0
473	754	8181	0
474	740	8214	0
475	728	8243	0
476	708	8279	0
477	703	8300	0
478	678	8328	0
480	646	8360	0
481	628	8390	0
482	612	8429	0
483	594	8462	0
484	580	8483	0
485	552	8516	0
486	536	8535	0
488	519	8552	0
489	497	8577	0
490	490	8594	0
491	470	8618	0
492	456	8638	0
493	442	8653	0
494	427	8669	0
496	402	8694	0
497	389	8708	0
498	368	8729	0
499	349	8750	0
500	335	8766	0
501	313	8789	0
502	300	8803	0
504	283	8820	0
505	275	8828	0
506	265	8838	0
507	251	8854	0
508	239	8869	0
509	232	8880	0
510	222	8890	0
512	212	8900	0
513	208	8905	0
514	201	8916	0
515	197	8927	0
516	197	8931	0
517	190	8940	0
518	190	8942	0
520	173	8959	0
521	163	8971	0
522	163	8978	0
523	166	8979	0
524	160	8987	0
525	161	8990	0
526	149	9003	0
528	142	9010	0
529	141	9012	0
530	136	9019	0
531	134	9025	0
532	133	9031	0
533	132	9032	0
534	124	9040	0
536	118	9046	0
537	116	9050	0
538	115	9053	0
539	108	9061	0
540	107	9064	0
541	107	9068	0
542	103	9072	0
544	99	9076	0
545	95	9082	0
546	93	9085	0
547	94	9088	0
548	92	9092	0
549	91	9095	0
550	90	9096	0
552	88	9098	0
553	84	9103	0
554	80	9108	0
555	77	9112	0
556	75	9114	0
557	70	9119	0
558	69	9120	0
Final 9189
1	0	0	0
2	0	0	0
3	0	0	0
4	0	0	0
5	0	0	0
6	0	0	0
8	0	0	0
9	0	0	0
10	0	0	0
11	0	0	0
12	0	0	0
13	0	0	0
14	0	0	0
16	0	0	0
17	0	0	0
18	0	0	0
19	0	0	0
20	0	0	0
21	0	0	0
22	0	0	0
24	0	0	0
25	0	0	1
26	0	0	0
27	0	0	0
28	0	0	0
29	0	0	0
30	0	0	0
32	0	0	0
33	0	0	0
34	0	0	0
35	0	0	0
36	0	0	0
37	0	0	0
38	0	0	0
40	0	0	0
41	0	0	0
42	0	0	0
43	0	0	0
44	0	0	0
45	0	0	0
46	0	0	0
48	0	0	0
49	0	0	0
50	0	0	0
51	0	0	0
52	0	0	0
53	0	0	0
54	0	0	0
56	0	0	0
57	0	0	0
58	0	0	0
59	0	0	0
60	0	0	0
61	0	0	0
62	0	0	0
64	0	0	0
65	0	0	0
66	0	0	0
67	0	0	0
68	0	0	0
69	0	0	0
70	0	0	0
72	0	0	0
73	0	0	0
74	0	0	0
75	0	0	0
76	0	0	0
77	0	0	0
78	0	0	0
80	0	0	0
81	0	0	0
82	0	0	0
83	0	0	0
84	0	0	0
85	0	0	0
86	0	0	0
88	0	0	0
89	0	0	1
90	0	0	0
91	0	0	0
92	0	0	0
93	0	0	0
94	0	0	0
96	0	0	0
97	0	0	0
98	0	0	0
99	0	0	0
100	0	0	0
101	0	0	0
102	0	0	0
104	0	0	0
105	0	0	0
106	0	0	0
107	0	0	0
108	0	0	0
109	0	0	0
110	0	0	0
112	0	0	0
113	0	0	0
114	0	0	0
115	0	0	0
116	0	0	0
117	0	0	0
118	0	0	0
120	0	0	0
121	0	0	0
122	0	0	0
123	0	0	0
124	0	0	0
125	0	0	0
126	0	0	0
128	0	0	0
129	0	0	0
130	0	0	0
131	0	0	0
132	0	0	0
133	0	0	0
134	0	0	0
136	0	0	0
137	0	0	0
138	0	0	0
139	0	0	0
140	0	0	0
141	0	0	0
142	0	0	0
144	0	0	0
145	0	0	0
146	0	0	0
147	0	0	0
148	0	0	0
149	0	0	0
150	0	0	0
152	0	0	0
153	2	0	1
154	3	0	0
155	3	0	0
156	3	0	0
157	3	0	0
158	3	0	0
160	2	1	0
161	2	1	0
162	2	1	0
163	2	1	0
164	2	1	0
165	2	1	0
166	2	1	0
168	2	1	0
169	2	1	0
170	2	1	0
171	2	1	0
172	2	1	0
173	2	1	0
174	2	1	0
176	2	1	0
177	3	1	0
178	3	1	0
179	3	1	0
180	3	1	0
181	3	1	0
182	2	2	0
184	2	2	0
185	2	2	0
186	2	3	0
187	1	4	0
188	1	4	0
189	1	4	0
190	1	4	0
192	1	4	0
193	1	4	0
194	2	4	0
195	5	4	0
196	5	4	0
197	5	4	0
198	5	4	0
200	5	4	0
201	6	4	0
202	8	4	0
203	9	4	0
204	9	4	0
205	9	4	0
206	7	6	0
208	6	7	0
209	7	7	0
210	9	7	0
211	10	7	0
212	10	7	0
213	10	7	0
214	8	9	0
216	7	10	0
217	7	10	0
218	7	10	0
219	7	10	0
220	7	10	0
221	7	10	0
222	7	10	0
224	7	10	0
225	7	10	0
226	7	10	0
227	7	10	0
228	8	10	0
229	6	12	0
230	6	12	0
232	5	13	0
233	5	13	0
234	5	13	0
235	5	13	0
236	5	13	0
237	5	13	0
238	5	13	0
240	5	13	0
241	7	13	0
242	7	15	0
243	7	15	0
244	8	15	0
245	8	15	0
246	8	15	0
248	8	15	0
249	10	15	0
250	11	15	0
251	12	15	0
252	12	15	0
253	13	15	0
254	12	16	0
256	11	17	0
257	18	17	0
258	25	18	0
259	23	21	0
260	25	22	0
261	25	23	0
262	23	25	0
264	22	26	0
265	27	28	0
266	35	31	0
267	32	34	0
268	31	37	0
269	33	39	0
270	30	42	0
272	27	45	0
273	25	47	0
274	25	47	0
275	24	48	0
276	23	49	0
277	23	51	0
278	21	53	0
280	21	53	0
281	20	54	0
282	20	54	0
283	20	54	0
284	20	54	0
285	19	55	0
286	17	57	0
288	16	58	0
289	19	58	0
290	21	59	0
291	22	60	0
292	27	60	0
293	28	61	0
294	27	62	0
296	25	64	0
297	29	65	0
298	32	66	0
299	33	68	0
300	38	69	0
301	39	70	0
302	38	72	0
304	37	73	0
305	49	75	0
306	58	77	0
307	74	79	0
308	78	83	0
309	84	88	0
310	82	90	0
312	78	94	0
313	87	98	0
314	113	105	0
315	137	108	0
316	164	119	0
317	172	124	0
318	161	136	0
320	152	145	0
321	184	152	0
322	226	162	0
323	265	173	0
324	279	192	0
325	301	202	0
326	291	215	0
328	285	221	0
329	269	237	0
330	266	246	0
331	259	259	0
332	252	273	0
333	256	279	0
334	250	289	0
336	235	304	0
337	235	311	0
338	238	321	0
339	230	337	0
340	227	352	0
341	233	365	0
342	224	377	0
344	219	382	0
345	264	394	0
346	361	400	0
347	464	423	0
348	583	449	0
349	738	475	0
350	737	507	0
352	705	542	0
353	924	581	0
354	1402	611	0
355	1733	667	0
356	2027	742	0
357	2372	827	0
358	2296	932	0
360	2204	1028	0
361	2732	1126	0
362	3413	1254	0
363	4010	1399	0
364	4355	1582	0
365	4462	1772	0
366	4266	1982	0
368	4075	2173	0
369	4208	2346	0
370	4386	2527	0
371	4442	2717	0
372	4418	2922	0
373	4347	3136	0
374	4154	3338	0
376	3974	3520	0
377	3930	3693	0
378	3934	3861	0
379	3878	4034	0
380	3798	4202	0
381	3670	4369	0
382	3491	4554	0
384	3344	4701	0
385	3215	4846	0
386	3129	4972	0
387	3030	5111	0
388	2930	5248	0
389	2809	5382	0
390	2677	5517	0
392	2571	5623	0
393	2476	5725	0
394	2381	5843	0
395	2290	5954	0
396	2207	6058	0
397	2136	6143	0
398	2041	6243	0
400	1944	6340	0
401	1890	6419	0
402	1862	6509	0
403	1840	6592	0
404	1788	6678	0
405	1745	6761	0
406	1664	6852	0
408	1595	6921	0
409	1551	6988	0
410	1542	7058	0
411	1520	7123	0
412	1496	7188	0
413	1451	7261	0
414	1403	7316	0
416	1333	7386	0
417	1282	7457	0
418	1274	7508	0
419	1246	7577	0
420	1213	7636	0
421	1185	7686	0
422	1144	7732	0
424	1091	7785	0
425	1065	7831	0
426	1050	7871	0
427	1026	7913	0
428	994	7960	0
429	974	7997	0
430	930	8045	0
432	885	8090	0
433	843	8140	0
434	811	8183	0
435	805	8206	0
436	790	8236	0
437	762	8270	0
438	723	8309	0
440	696	8336	0
441	668	8369	0
442	649	8391	0
443	624	8418	0
444	587	8456	0
445	563	8484	0
446	546	8502	0
448	524	8524	0
449	505	8544	0
450	481	8570	0
451	457	8596	0
452	437	8619	0
453	429	8633	0
454	414	8649	0
456	399	8664	0
457	382	8686	0
458	364	8711	0
459	356	8728	0
460	347	8741	0
461	335	8761	0
462	327	8773	0
464	315	8785	0
465	306	8797	0
466	295	8813	0
467	290	8822	0
468	291	8834	0
469	289	8840	0
470	275	8854	0
472	261	8868	0
473	240	8892	0
474	237	8902	0
475	226	8916	0
476	222	8925	0
477	214	8935	0
478	202	8947	0
480	193	8956	0
481	186	8965	0
482	179	8978	0
483	178	8985	0
484	175	8991	0
485	166	9003	0
486	160	9010	0
488	155	9015	0
489	154	9021	0
490	154	9027	0
491	143	9038	0
492	137	9045	0
493	134	9050	0
494	129	9055	0
496	120	9064	0
497	113	9071	0
498	104	9080	0
499	101	9083	0
500	97	9087	0
501	94	9090	0
502	93	9091	0
504	88	9096	0
505	82	9102	0
506	80	9105	0
507	79	9107	0
508	80	9108	0
509	77	9112	0
510	71	9118	0
512	70	9119	0
513	67	9122	0
514	67	9125	0
515	67	9128	0
516	65	9132	0
517	66	9135	0
518	67	9135	0
520	66	9136	0
521	65	9140	0
522	67	9141	0
523	65	9143	0
524	62	9148	0
525	58	9153	0
526	56	9155	0
528	54	9157	0
529	53	9159	0
530	54	9162	0
531	56	9163	0
532	56	9164	0
533	53	9167	0
534	53	9169	0
536	51	9171	0
537	49	9173	0
538	45	9177	0
539	44	9179	0
540	42	9181	0
541	40	9183	0
542	40	9183	0
544	37	9186	0
545	36	9187	0
546	35	9188	0
547	36	9188	0
548	36	9188	0
549	35	9190	0
550	36	9190	0
552	35	9191	0
553	33	9193	0
554	31	9195	0
555	31	9195	0
556	29	9197	0
557	28	9198	0
558	27	9200	0
Final 9227
1	0	0	0
2	0	0	0
3	0	0	0
4	0	0	0
5	0	0	0
6	0	0	0
8	0	0	0
9	0	0	0
10	0	0	0
11	0	0	0
12	0	0	0
13	0	0	0
14	0	0	0
16	0	0	0
17	0	0	0
18	0	0	0
19	0	0	0
20	0	0	0
21	0	0	0
22	0	0	0
24	0	0	0
25	0	0	1
26	0	0	0
27	0	0	0
28	0	0	0
29	0	0	0
30	0	0	0
32	0	0	0
33	0	0	0
34	0	0	0
35	0	0	0
36	0	0	0
37	0	0	0
38	0	0	0
40	0	0	0
41	0	0	0
42	0	0	0
43	0	0	0
44	0	0	0
45	0	0	0
46	0	0	0
48	0	0	0
49	0	0	0
50	0	0	0
51	0	0	0
52	0	0	0
53	0	0	0
54	0	0	0
56	0	0	0
57	0	0	0
58	0	0	0
59	0	0	0
60	0	0	0
61	0	0	0
62	0	0	0
64	0	0	0
65	0	0	0
66	0	0	0
67	0	0	0
68	0	0	0
69	0	0	0
70	0	0	0
72	0	0	0
73	0	0	0
74	0	0	0
75	0	0	0
76	0	0	0
77	0	0	0
78	0	0	0
80	0	0	0
81	0	0	0
82	0	0	0
83	0	0	0
84	0	0	0
85	0	0	0
86	0	0	0
88	0	0	0
89	0	0	1
90	0	0	0
91	0	0	0
92	0	0	0
93	0	0	0
94	0	0	0
96	0	0	0
97	0	0	0
98	0	0	0
99	0	0	0
100	0	0	0
101	0	0	0
102	0	0	0
104	0	0	0
105	0	0	0
106	0	0	0
107	0	0	0
108	0	0	0
109	0	0	0
110	0	0	0
112	0	0	0
113	0	0	0
114	0	0	0
115	0	0	0
116	0	0	0
117	0	0	0
118	0	0	0
120	0	0	0
121	0	0	0
122	0	0	0
123	0	0	0
124	0	0	0
125	0	0	0
126	0	0	0
128	0	0	0
129	0	0	0
130	0	0	0
131	0	0	0
132	0	0	0
133	0	0	0
134	0	0	0
136	0	0	0
137	0	0	0
138	0	0	0
139	0	0	0
140	0	0	0
141	0	0	0
142	0	0	0
144	0	0	0
145	0	0	0
146	0	0	0
147	0	0	0
148	0	0	0
149	0	0	0
150	0	0	0
152	0	0	0
153	2	0	1
154	4	0	0
155	4	0	0
156	4	0	0
157	1	3	0
158	1	3	0
160	1	3	0
161	1	3	0
162	1	3	0
163	1	3	0
164	1	3	0
165	1	3	0
166	1	3	0
168	1	3	0
169	1	3	0
170	1	3	0
171	1	3	0
172	1	3	0
173	1	3	0
174	1	3	0
176	1	3	0
177	1	3	0
178	0	4	0
Final 4
1	0	0	0
2	0	0	0
3	0	0	0
4	0	0	0
5	0	0	0
6	0	0	0
8	0	0	0
9	0	0	0
10	0	0	0
11	0	0	0
12	0	0	0
13	0	0	0
14	0	0	0
16	0	0	0
17	0	0	0
18	0	0	0
19	0	0	0
20	0	0	0
21	0	0	0
22	0	0	0
24	0	0	0
25	0	0	1
26	0	0	0
27	0	0	0
28	0	0	0
29	0	0	0
30	0	0	0
32	0	0	0
33	0	0	0
34	0	0	0
35	0	0	0
36	0	0	0
37	0	0	0
38	0	0	0
40	0	0	0
41	0	0	0
42	0	0	0
43	0	0	0
44	0	0	0
45	0	0	0
46	0	0	0
48	0	0	0
49	0	0	0
50	0	0	0
51	0	0	0
52	0	0	0
53	0	0	0
54	0	0	0
56	0	0	0
57	0	0	0
58	0	0	0
59	0	0	0
60	0	0	0
61	0	0	0
62	0	0	0
64	0	0	0
65	0	0	0
66	0	0	0
67	0	0	0
68	0	0	0
69	0	0	0
70	0	0	0
72	0	0	0
73	0	0	0
74	0	0	0
75	0	0	0
76	0	0	0
77	0	0	0
78	0	0	0
80	0	0	0
81	0	0	0
82	0	0	0
83	0	0	0
84	0	0	0
85	0	0	0
86	0	0	0
88	0	0	0
89	0	0	1
90	0	0	0
91	0	0	0
92	0	0	0
93	0	0	0
94	0	0	0
96	0	0	0
97	0	0	0
98	0	0	0
99	0	0	0
100	0	0	0
101	0	0	0
102	0	0	0
104	0	0	0
105	0	0	0
106	0	0	0
107	0	0	0
108	0	0	0
109	0	0	0
110	0	0	0
112	0	0	0
113	0	0	0
114	0	0	0
115	0	0	0
116	0	0	0
117	0	0	0
118	0	0	0
120	0	0	0
121	0	0	0
122	0	0	0
123	0	0	0
124	0	0	0
125	0	0	0
126	0	0	0
128	0	0	0
129	0	0	0
130	0	0	0
131	0	0	0
132	0	0	0
133	0	0	0
134	0	0	0
136	0	0	0
137	0	0	0
138	0	0	0
139	0	0	0
140	0	0	0
141	0	0	0
142	0	0	0
144	0	0	0
145	0	0	0
146	0	0	0
147	0	0	0
148	0	0	0
149	0	0	0
150	0	0	0
152	0	0	0
153	3	0	1
154	2	1	0
155	2	1	0
156	2	1	0
157	2	1	0
158	2	1	0
160	2	1	0
161	2	1	0
162	2	1	0
163	2	1	0
164	2	1	0
165	2	1	0
166	2	1	0
168	2	1	0
169	2	1	0
170	2	1	0
171	2	1	0
172	2	1	0
173	2	1	0
174	2	1	0
176	2	1	0
177	2	1	0
178	2	1	0
179	2	1	0
180	2	1	0
181	2	1	0
182	2	1	0
184	2	1	0
185	4	1	0
186	5	1	0
187	5	1	0
188	4	2	0
189	4	2	0
190	4	2	0
192	4	2	0
193	5	2	0
194	5	2	0
195	8	2	0
196	8	2	0
197	8	2	0
198	6	4	0
200	6	4	0
201	9	4	0
202	13	4	0
203	13	4	0
204	14	4	0
205	14	4	0
206	13	5	0
208	13	5	0
209	22	5	0
210	27	5	0
211	27	7	0
212	26	8	0
213	27	8	0
214	26	9	0
216	23	12	0
217	22	13	0
218	22	13	0
219	21	14	0
220	21	14	0
221	21	14	0
222	21	14	0
224	19	16	0
225	18	17	0
226	19	17	0
227	18	18	0
228	16	20	0
229	15	21	0
230	13	23	0
232	13	23	0
233	12	25	0
234	13	25	0
235	12	26	0
236	11	27	0
237	11	27	0
238	11	27	0
240	11	27	0
241	12	27	0
242	16	27	0
243	15	29	0
244	16	29	0
245	16	29	0
246	16	29	0
248	16	29	0
249	18	31	0
250	20	32	0
251	19	34	0
252	19	35	0
253	21	37	0
254	21	37	0
256	21	37	0
257	23	38	0
258	28	39	0
259	28	40	0
260	30	41	0
261	31	41	0
262	31	41	0
264	29	43	0
265	34	45	0
266	48	48	0
267	50	49	0
268	47	52	0
269	47	53	0
270	46	54	0
272	44	56	0
273	42	58	0
274	43	58	0
275	43	58	0
276	43	59	0
277	42	60	0
278	40	62	0
280	39	63	0
281	41	63	0
282	38	67	0
283	40	67	0
284	40	68	0
285	38	71	0
286	36	73	0
288	34	75	0
289	39	75	0
290	48	76	0
291	47	79	0
292	43	85	0
293	46	87	0
294	46	87	0
296	44	89	0
297	50	91	0
298	64	92	0
299	77	96	0
300	78	103	0
301	82	105	0
302	80	108	0
304	77	112	0
305	102	115	0
306	132	118	0
307	172	128	0
308	191	138	0
309	228	146	0
310	219	160	0
312	212	167	0
313	249	178	0
314	326	190	0
315	429	211	0
316	583	237	0
317	695	279	0
318	686	309	0
320	655	340	0
321	824	368	0
322	1139	397	0
323	1487	441	0
324	1697	515	0
325	1818	592	0
326	1758	674	0
328	1677	755	0
329	1632	839	0
330	1599	934	0
331	1633	1002	0
332	1651	1085	0
333	1682	1142	0
334	1631	1214	0
336	1572	1273	0
337	1557	1350	0
338	1611	1415	0
339	1670	1493	0
340	1748	1567	0
341	1799	1642	0
342	1733	1730	0
344	1657	1807	0
345	1924	1879	0
346	2448	1981	0
347	2903	2088	0
348	3193	2209	0
349	3325	2374	0
350	3196	2513	0
352	3077	2637	0
353	3346	2796	0
354	3557	2951	0
355	3578	3126	0
356	3605	3287	0
357	3565	3464	0
358	3424	3615	0
360	3286	3753	0
361	3307	3892	0
362	3366	4067	0
363	3403	4218	0
364	3438	4344	0
365	3392	4492	0
366	3270	4624	0
368	3146	4748	0
369	3102	4880	0
370	3111	5006	0
371	3068	5147	0
372	3012	5286	0
373	2939	5414	0
374	2806	5556	0
376	2671	5691	0
377	2568	5834	0
378	2536	5937	0
379	2471	6059	0
380	2400	6174	0
381	2292	6302	0
382	2194	6404	0
384	2101	6497	0
385	2013	6593	0
386	1924	6694	0
387	1861	6775	0
388	1787	6869	0
389	1712	6955	0
390	1639	7030	0
392	1553	7116	0
393	1476	7194	0
394	1415	7264	0
395	1360	7329	0
396	1314	7389	0
397	1257	7457	0
398	1215	7500	0
400	1173	7542	0
401	1146	7590	0
402	1132	7636	0
403	1121	7686	0
404	1090	7743	0
405	1068	7786	0
406	1025	7834	0
408	979	7880	0
409	952	7930	0
410	930	7978	0
411	906	8023	0
412	885	8066	0
413	865	8101	0
414	825	8141	0
416	798	8168	0
417	766	8213	0
418	750	8245	0
419	733	8283	0
420	716	8319	0
421	700	8351	0
422	666	8385	0
424	639	8412	0
425	612	8447	0
426	595	8472	0
427	578	8503	0
428	567	8529	0
429	550	8557	0
430	532	8577	0
432	509	8600	0
433	495	8620	0
434	484	8642	0
435	473	8663	0
436	457	8690	0
437	447	8707	0
438	429	8726	0
440	408	8747	0
441	387	8768	0
442	368	8788	0
443	351	8808	0
444	334	8825	0
445	324	8841	0
446	299	8866	0
448	285	8880	0
449	270	8895	0
450	264	8903	0
451	257	8916	0
452	249	8930	0
453	239	8942	0
454	224	8957	0
456	222	8959	0
457	216	8968	0
458	214	8976	0
459	204	8986	0
460	199	8996	0
461	191	9006	0
462	185	9012	0
464	178	9019	0
465	172	9028	0
466	167	9036	0
467	160	9045	0
468	160	9052	0
469	156	9057	0
470	144	9069	0
472	137	9076	0
473	139	9078	0
474	140	9084	0
475	135	9090	0
476	131	9096	0
477	126	9103	0
478	123	9107	0
480	120	9110	0
481	113	9119	0
482	112	9124	0
483	110	9128	0
484	109	9131	0
485	106	9135	0
486	100	9142	0
488	100	9142	0
489	95	9148	0
490	95	9151	0
491	93	9157	0
492	91	9160	0
493	90	9162	0
494	87	9165	0
496	82	9170	0
497	73	9179	0
498	73	9181	0
499	69	9185	0
500	70	9186	0
501	68	9189	0
502	67	9190	0
504	66	9191	0
505	64	9193	0
506	61	9196	0
507	58	9200	0
508	56	9203	0
509	54	9205	0
510	51	9208	0
512	50	9209	0
513	47	9212	0
514	46	9214	0
515	44	9217	0
516	45	9219	0
517	45	9220	0
518	45	9220	0
520	45	9220	0
521	44	9222	0
522	42	9224	0
523	41	9227	0
524	41	9228	0
525	41	9230	0
526	36	9235	0
528	32	9239	0
529	31	9240	0
530	29	9242	0
531	27	9244	0
532	27	9244	0
533	27	9244	0
534	26	9245	0
536	25	9246	0
537	25	9248	0
538	23	9250	0
539	21	9252	0
540	20	9254	0
541	19	9255	0
542	19	9255	0
544	18	9256	0
545	18	9256	0
546	17	9257	0
547	16	9258	0
548	16	9259	0
549	15	9260	0
550	14	9261	0
552	14	9261	0
553	14	9261	0
554	14	9261	0
555	14	9261	0
556	14	9261	0
557	12	9263	0
558	12	9263	0
Final 9275
1	0	0	0
2	0	0	0
3	0	0	0
4	0	0	0
5	0	0	0
6	0	0	0
8	0	0	0
9	0	0	0
10	0	0	0
11	0	0	0
12	0	0	0
13	0	0	0
14	0	0	0
16	0	0	0
17	0	0	0
18	0	0	0
19	0	0	0
20	0	0	0
21	0	0	0
22	0	0	0
24	0	0	0
25	0	0	1
26	0	0	0
27	0	0	0
28	0	0	0
29	0	0	0
30	0	0	0
32	0	0	0
33	0	0	0
34	0	0	0
35	0	0	0
36	0	0	0
37	0	0	0
38	0	0	0
40	0	0	0
41	0	0	0
42	0	0	0
43	0	0	0
44	0	0	0
45	0	0	0
46	0	0	0
48	0	0	0
49	0	0	0
50	0	0	0
51	0	0	0
52	0	0	0
53	0	0	0
54	0	0	0
56	0	0	0
57	0	0	0
58	0	0	0
59	0	0	0
60	0	0	0
61	0	0	0
62	0	0	0
64	0	0	0
65	0	0	0
66	0	0	0
67	0	0	0
68	0	0	0
69	0	0	0
70	0	0	0
72	0	0	0
73	0	0	0
74	0	0	0
75	0	0	0
76	0	0	0
77	0	0	0
78	0	0	0
80	0	0	0
81	0	0	0
82	0	0	0
83	0	0	0
84	0	0	0
85	0	0	0
86	0	0	0
88	0	0	0
89	0	0	1
90	0	0	0
91	0	0	0
92	0	0	0
93	0	0	0
94	0	0	0
96	0	0	0
97	0	0	0
98	0	0	0
99	0	0	0
100	0	0	0
101	0	0	0
102	0	0	0
104	0	0	0
105	0	0	0
106	0	0	0
107	0	0	0
108	0	0	0
109	0	0	0
110	0	0	0
112	0	0	0
113	0	0	0
114	0	0	0
115	0	0	0
116	0	0	0
117	0	0	0
118	0	0	0
120	0	0	0
121	0	0	0
122	0	0	0
123	0	0	0
124	0	0	0
125	0	0	0
126	0	0	0
128	0	0	0
129	0	0	0
130	0	0	0
131	0	0	0
132	0	0	0
133	0	0	0
134	0	0	0
136	0	0	0
137	0	0	0
138	0	0	0
139	0	0	0
140	0	0	0
141	0	0	0
142	0	0	0
144	0	0	0
145	0	0	0
146	0	0	0
147	0	0	0
148	0	0	0
149	0	0	0
150	0	0	0
152	0	0	0
153	4	0	1
154	6	0	0
155	5	1	0
156	5	1	0
157	5	2	0
158	4	3	0
160	4	3	0
161	4	3	0
162	4	3	0
163	4	3	0
164	4	3	0
165	4	3	0
166	4	3	0
168	3	4	0
169	3	4	0
170	3	4	0
171	3	4	0
172	3	4	0
173	3	4	0
174	3	4	0
176	3	4	0
177	2	5	0
178	2	5	0
179	2	5	0
180	2	5	0
181	2	5	0
182	2	5	0
184	2	5	0
185	2	5	0
186	4	5	0
187	4	5	0
188	3	6	0
189	3	6	0
190	3	6	0
192	3	6	0
193	3	6	0
194	3	6	0
195	4	6	0
196	4	6	0
197	4	6	0
198	4	6	0
200	4	6	0
201	7	6	0
202	8	6	0
203	8	6	0
204	6	8	0
205	6	8	0
206	6	8	0
208	6	8	0
209	6	8	0
210	7	8	0
211	7	9	0
212	7	9	0
213	6	10	0
214	6	10	0
216	4	12	0
217	3	13	0
218	2	14	0
219	2	14	0
220	2	14	0
221	2	14	0
222	2	14	0
224	2	14	0
225	2	14	0
226	2	14	0
227	2	14	0
228	2	14	0
229	2	14	0
230	2	14	0
232	2	14	0
233	2	14	0
234	3	14	0
235	4	14	0
236	4	14	0
237	3	15	0
238	3	15	0
240	3	15	0
241	3	15	0
242	3	15	0
243	3	15	0
244	4	15	0
245	4	15	0
246	4	15	0
248	4	15	0
249	4	15	0
250	4	15	0
251	3	16	0
252	5	16	0
253	5	16	0
254	5	16	0
256	4	17	0
257	4	17	0
258	5	17	0
259	4	18	0
260	4	18	0
261	3	19	0
262	3	19	0
264	3	19	0
265	5	19	0
266	7	19	0
267	7	20	0
268	7	20	0
269	7	20	0
270	7	20	0
272	7	20	0
273	7	20	0
274	8	20	0
275	8	20	0
276	8	20	0
277	8	20	0
278	7	21	0
280	7	21	0
281	6	22	0
282	6	22	0
283	6	22	0
284	6	22	0
285	6	22	0
286	6	22	0
288	6	22	0
289	6	22	0
290	7	22	0
291	6	23	0
292	6	23	0
293	7	23	0
294	7	23	0
296	7	23	0
297	11	23	0
298	16	24	0
299	23	25	0
300	23	26	0
301	22	27	0
302	19	30	0
304	19	30	0
305	21	31	0
306	22	32	0
307	25	33	0
308	26	34	0
309	27	34	0
310	26	35	0
312	24	37	0
313	27	38	0
314	30	40	0
315	31	42	0
316	35	43	0
317	35	44	0
318	36	44	0
320	35	45	0
321	39	46	0
322	42	50	0
323	40	55	0
324	40	58	0
325	41	61	0
326	37	65	0
328	37	65	0
329	36	66	0
330	36	66	0
331	32	70	0
332	32	71	0
333	31	72	0
334	29	74	0
336	28	75	0
337	25	78	0
338	22	81	0
339	21	82	0
340	20	83	0
341	19	84	0
342	17	86	0
344	17	86	0
345	16	89	0
346	19	90	0
347	23	90	0
348	23	91	0
349	23	92	0
350	23	92	0
352	22	93	0
353	21	94	0
354	23	95	0
355	23	96	0
356	23	97	0
357	25	97	0
358	23	99	0
360	23	99	0
361	24	100	0
362	28	100	0
363	29	102	0
364	33	102	0
365	39	102	0
366	38	103	0
368	36	105	0
369	40	108	0
370	45	110	0
371	56	111	0
372	63	111	0
373	67	116	0
374	66	120	0
376	63	123	0
377	66	127	0
378	82	130	0
379	101	131	0
380	101	141	0
381	104	144	0
382	104	145	0
384	97	152	0
385	98	157	0
386	102	161	0
387	107	166	0
388	105	172	0
389	112	173	0
390	107	178	0
392	102	183	0
393	100	189	0
394	104	193	0
395	100	200	0
396	107	202	0
397	104	208	0
398	99	213	0
400	94	218	0
401	109	220	0
402	152	225	0
403	189	235	0
404	247	246	0
405	334	253	0
406	332	264	0
408	314	286	0
409	436	299	0
410	648	316	0
411	833	337	0
412	966	378	0
413	1136	430	0
414	1123	477	0
416	1066	535	0
417	1414	584	0
418	2014	645	0
419	2831	725	0
420	3585	847	0
421	3960	989	0
422	3832	1146	0
424	3658	1323	0
425	3971	1481	0
426	4272	1652	0
427	4458	1838	0
428	4551	2039	0
429	4536	2256	0
430	4339	2470	0
432	4137	2673	0
433	4062	2874	0
434	4056	3055	0
435	4043	3239	0
436	3938	3439	0
437	3808	3621	0
438	3626	3808	0
440	3481	3955	0
441	3352	4101	0
442	3221	4275	0
443	3112	4424	0
444	3009	4572	0
445	2899	4713	0
446	2792	4825	0
448	2655	4962	0
449	2558	5071	0
450	2475	5179	0
451	2390	5288	0
452	2309	5410	0
453	2221	5518	0
454	2122	5620	0
456	2033	5709	0
457	1989	5799	0
458	2012	5886	0
459	2037	5958	0
460	2021	6038	0
461	1995	6121	0
462	1909	6216	0
464	1800	6325	0
465	1774	6401	0
466	1785	6470	0
467	1758	6545	0
468	1732	6618	0
469	1670	6716	0
470	1596	6794	0
472	1520	6870	0
473	1477	6946	0
474	1465	7006	0
475	1456	7073	0
476	1435	7130	0
477	1381	7215	0
478	1312	7291	0
480	1253	7350	0
481	1233	7400	0
482	1209	7460	0
483	1182	7514	0
484	1157	7570	0
485	1126	7626	0
486	1080	7677	0
488	1026	7731	0
489	1001	7772	0
490	985	7815	0
491	960	7857	0
492	940	7891	0
493	900	7942	0
494	863	7981	0
496	827	8017	0
497	800	8048	0
498	766	8087	0
499	742	8119	0
500	708	8159	0
501	676	8198	0
502	645	8229	0
504	611	8263	0
505	592	8285	0
506	562	8318	0
507	545	8337	0
508	533	8361	0
509	518	8384	0
510	493	8409	0
512	478	8424	0
513	463	8444	0
514	451	8470	0
515	438	8496	0
516	428	8516	0
517	415	8537	0
518	402	8553	0
520	393	8562	0
521	385	8576	0
522	392	8587	0
523	386	8605	0
524	377	8620	0
525	361	8642	0
526	342	8663	0
528	329	8676	0
529	324	8684	0
530	318	8701	0
531	314	8716	0
532	311	8730	0
533	295	8749	0
534	286	8759	0
536	275	8770	0
537	261	8790	0
538	264	8795	0
539	260	8806	0
540	253	8816	0
541	252	8826	0
542	246	8833	0
544	235	8844	0
545	230	8851	0
546	228	8858	0
547	222	8865	0
548	216	8873	0
549	212	8880	0
550	202	8890	0
552	198	8894	0
553	195	8899	0
554	189	8908	0
555	182	8916	0
556	177	8924	0
557	169	8932	0
558	158	8944	0
Final 9102
1	0	0	0
2	0	0	0
3	0	0	0
4	0	0	0
5	0	0	0
6	0	0	0
8	0	0	0
9	0	0	0
10	0	0	0
11	0	0	0
12	0	0	0
13	0	0	0
14	0	0	0
16	0	0	0
17	0	0	0
18	0	0	0
19	0	0	0
20	0	0	0
21	0	0	0
22	0	0	0
24	0	0	0
25	0	0	1
26	0	0	0
27	0	0	0
28	0	0	0
29	0	0	0
30	0	0	0
32	0	0	0
33	0	0	0
34	0	0	0
35	0	0	0
36	0	0	0
37	0	0	0
38	0	0	0
40	0	0	0
41	0	0	0
42	0	0	0
43	0	0	0
44	0	0	0
45	0	0	0
46	0	0	0
48	0	0	0
49	0	0	0
50	0	0	0
51	0	0	0
52	0	0	0
53	0	0	0
54	0	0	0
56	0	0	0
57	0	0	0
58	0	0	0
59	0	0	0
60	0	0	0
61	0	0	0
62	0	0	0
64	0	0	0
65	0	0	0
66	0	0	0
67	0	0	0
68	0	0	0
69	0	0	0
70	0	0	0
72	0	0	0
73	0	0	0
74	0	0	0
75	0	0	0
76	0	0	0
77	0	0	0
78	0	0	0
80	0	0	0
81	0	0	0
82	0	0	0
83	0	0	0
84	0	0	0
85	0	0	0
86	0	0	0
88	0	0	0
89	0	0	1
90	0	0	0
91	0	0	0
92	0	0	0
93	0	0	0
94	0	0	0
96	0	0	0
97	0	0	0
98	0	0	0
99	0	0	0
100	0	0	0
101	0	0	0
102	0	0	0
104	0	0	0
105	0	0	0
106	0	0	0
107	0	0	0
108	0	0	0
109	0	0	0
110	0	0	0
112	0	0	0
113	0	0	0
114	0	0	0
115	0	0	0
116	0	0	0
117	0	0	0
118	0	0	0
120	0	0	0
121	0	0	0
122	0	0	0
123	0	0	0
124	0	0	0
125	0	0	0
126	0	0	0
128	0	0	0
129	0	0	0
130	0	0	0
131	0	0	0
132	0	0	0
133	0	0	0
134	0	0	0
136	0	0	0
137	0	0	0
138	0	0	0
139	0	0	0
140	0	0	0
141	0	0	0
142	0	0	0
144	0	0	0
145	0	0	0
146	0	0	0
147	0	0	0
148	0	0	0
149	0	0	0
150	0	0	0
152	0	0	0
153	5	0	1
154	7	1	0
155	7	1	0
156	7	1	0
157	6	2	0
158	6	2	0
160	6	2	0
161	6	2	0
162	6	2	0
163	5	3	0
164	4	4	0
165	4	4	0
166	4	4	0
168	4	4	0
169	4	4	0
170	4	4	0
171	4	4	0
172	4	4	0
173	4	4	0
174	4	4	0
176	4	4	0
177	4	4	0
178	5	4	0
179	4	5	0
180	4	5	0
181	4	5	0
182	3	6	0
184	2	7	0
185	2	7	0
186	3	7	0
187	3	7	0
188	3	7	0
189	3	7	0
190	3	7	0
192	3	7	0
193	3	7	0
194	4	8	0
195	4	8	0
196	4	8	0
197	4	8	0
198	3	9	0
200	3	9	0
201	4	10	0
202	5	10	0
203	6	10	0
204	7	10	0
205	7	10	0
206	7	10	0
208	7	10	0
209	10	11	0
210	16	12	0
211	14	14	0
212	14	14	0
213	12	16	0
214	12	16	0
216	11	17	0
217	10	18	0
218	8	20	0
219	8	20	0
220	8	20	0
221	8	20	0
222	8	20	0
224	8	20	0
225	8	20	0
226	8	20	0
227	8	20	0
228	6	22	0
229	5	23	0
230	5	23	0
232	5	23	0
233	5	23	0
234	7	23	0
235	8	23	0
236	9	23	0
237	9	23	0
238	9	23	0
240	9	23	0
241	10	24	0
242	12	24	0
243	13	25	0
244	12	26	0
245	12	26	0
246	10	28	0
248	10	28	0
249	13	28	0
250	14	28	0
251	16	28	0
252	16	28	0
253	18	29	0
254	17	30	0
256	15	32	0
257	17	32	0
258	17	33	0
259	18	34	0
260	22	34	0
261	22	34	0
262	21	35	0
264	20	36	0
265	24	37	0
266	30	38	0
267	31	38	0
268	33	39	0
269	32	41	0
270	31	42	0
272	29	44	0
273	28	45	0
274	27	46	0
275	26	47	0
276	26	47	0
277	24	49	0
278	23	50	0
280	23	50	0
281	21	52	0
282	19	54	0
283	19	54	0
284	19	54	0
285	18	55	0
286	17	56	0
288	16	57	0
289	19	57	0
290	21	57	0
291	20	58	0
292	22	58	0
293	20	60	0
294	20	60	0
296	19	61	0
297	21	61	0
298	30	63	0
299	40	64	0
300	40	65	0
301	42	68	0
302	43	69	0
304	37	75	0
305	43	76	0
306	49	78	0
307	64	79	0
308	73	80	0
309	93	81	0
310	89	85	0
312	85	89	0
313	100	90	0
314	119	93	0
315	155	95	0
316	186	101	0
317	208	109	0
318	204	119	0
320	198	127	0
321	233	138	0
322	287	149	0
323	338	160	0
324	360	179	0
325	419	194	0
326	409	211	0
328	392	228	0
329	381	247	0
330	382	261	0
331	385	281	0
332	392	296	0
333	406	309	0
334	400	326	0
336	390	336	0
337	392	353	0
338	406	375	0
339	428	393	0
340	469	409	0
341	512	428	0
342	514	453	0
344	492	476	0
345	557	502	0
346	784	523	0
347	1096	561	0
348	1438	607	0
349	1825	687	0
350	1780	758	0
352	1722	824	0
353	2315	896	0
354	3024	991	0
355	3363	1116	0
356	3655	1259	0
357	3855	1411	0
358	3713	1578	0
360	3554	1737	0
361	3866	1898	0
362	4237	2064	0
363	4474	2235	0
364	4580	2436	0
365	4556	2640	0
366	4366	2846	0
368	4169	3043	0
369	4165	3226	0
370	4254	3409	0
371	4222	3603	0
372	4182	3791	0
373	4065	3988	0
374	3884	4182	0
376	3715	4353	0
377	3614	4522	0
378	3553	4691	0
379	3464	4848	0
380	3383	5000	0
381	3260	5157	0
382	3133	5290	0
384	2995	5428	0
385	2848	5591	0
386	2738	5720	0
387	2637	5845	0
388	2546	5963	0
389	2459	6072	0
390	2351	6187	0
392	2246	6292	0
393	2139	6403	0
394	2057	6493	0
395	1994	6580	0
396	1924	6670	0
397	1829	6775	0
398	1746	6860	0
400	1662	6944	0
401	1629	7005	0
402	1600	7077	0
403	1540	7167	0
404	1514	7235	0
405	1468	7309	0
406	1410	7371	0
408	1344	7437	0
409	1293	7512	0
410	1254	7580	0
411	1211	7649	0
412	1178	7712	0
413	1141	7767	0
414	1102	7810	0
416	1063	7849	0
417	1027	7898	0
418	996	7959	0
419	971	8002	0
420	954	8043	0
421	929	8082	0
422	888	8128	0
424	846	8170	0
425	820	8207	0
426	793	8250	0
427	783	8282	0
428	766	8319	0
429	751	8350	0
430	713	8392	0
432	688	8417	0
433	664	8447	0
434	642	8482	0
435	618	8510	0
436	608	8535	0
437	585	8561	0
438	564	8583	0
440	540	8607	0
441	525	8624	0
442	501	8650	0
443	486	8668	0
444	463	8695	0
445	449	8713	0
446	432	8730	0
448	421	8741	0
449	403	8759	0
450	394	8771	0
451	379	8790	0
452	366	8806	0
453	353	8821	0
454	340	8834	0
456	328	8846	0
457	316	8862	0
458	304	8879	0
459	297	8894	0
460	284	8912	0
461	275	8925	0
462	261	8940	0
464	252	8949	0
465	242	8962	0
466	236	8970	0
467	228	8982	0
468	226	8988	0
469	224	8993	0
470	218	9001	0
472	202	9017	0
473	191	9028	0
474	179	9042	0
475	175	9048	0
476	173	9053	0
477	169	9061	0
478	164	9066	0
480	155	9075	0
481	150	9084	0
482	144	9094	0
483	137	9102	0
484	129	9110	0
485	131	9111	0
486	125	9117	0
488	116	9126	0
489	111	9132	0
490	107	9137	0
491	104	9141	0
492	101	9144	0
493	99	9149	0
494	95	9153	0
496	91	9157	0
497	85	9163	0
498	78	9171	0
499	75	9174	0
500	72	9177	0
501	69	9180	0
502	66	9183	0
504	62	9187	0
505	59	9190	0
506	59	9190	0
507	56	9194	0
508	54	9196	0
509	53	9197	0
510	53	9197	0
512	51	9199	0
513	48	9202	0
514	48	9203	0
515	49	9203	0
516	46	9206	0
517	46	9207	0
518	45	9209	0
520	43	9211	0
521	42	9213	0
522	41	9214	0
523	42	9216	0
524	43	9216	0
525	42	9218	0
526	41	9219	0
528	40	9220	0
529	40	9222	0
530	41	9222	0
531	42	9223	0
532	40	9226	0
533	39	9227	0
534	38	9229	0
536	37	9230	0
537	33	9234	0
538	29	9239	0
539	29	9239	0
540	26	9243	0
541	25	9246	0
542	23	9248	0
544	23	9248	0
545	21	9250	0
546	20	9251	0
547	20	9252	0
548	18	9254	0
549	16	9256	0
550	15	9257	0
552	13	9259	0
553	13	9259	0
554	13	9259	0
555	13	9259	0
556	13	9259	0
557	13	9259	0
558	12	9260	0
Final 9272
1	0	0	0
2	0	0	0
3	0	0	0
4	0	0	0
5	0	0	0
6	0	0	0
8	0	0	0
9	0	0	0
10	0	0	0
11	0	0	0
12	0	0	0
13	0	0	0
14	0	0	0
16	0	0	0
17	0	0	0
18	0	0	0
19	0	0	0
20	0	0	0
21	0	0	0
22	0	0	0
24	0	0	0
25	0	0	1
26	0	0	0
27	0	0	0
28	0	0	0
29	0	0	0
30	0	0	0
32	0	0	0
33	0	0	0
34	0	0	0
35	0	0	0
36	0	0	0
37	0	0	0
38	0	0	0
40	0	0	0
41	0	0	0
42	0	0	0
43	0	0	0
44	0	0	0
45	0	0	0
46	0	0	0
48	0	0	0
49	0	0	0
50	0	0	0
51	0	0	0
52	0	0	0
53	0	0	0
54	0	0	0
56	0	0	0
57	0	0	0
58	0	0	0
59	0	0	0
60	0	0	0
61	0	0	0
62	0	0	0
64	0	0	0
65	0	0	0
66	0	0	0
67	0	0	0
68	0	0	0
69	0	0	0
70	0	0	0
72	0	0	0
73	0	0	0
74	0	0	0
75	0	0	0
76	0	0	0
77	0	0	0
78	0	0	0
80	0	0	0
81	0	0	0
82	0	0	0
83	0	0	0
84	0	0	0
85	0	0	0
86	0	0	0
88	0	0	0
89	0	0	1
90	0	0	0
91	0	0	0
92	0	0	0
93	0	0	0
94	0	0	0
96	0	0	0
97	0	0	0
98	0	0	0
99	0	0	0
100	0	0	0
101	0	0	0
102	0	0	0
104	0	0	0
105	0	0	0
106	0	0	0
107	0	0	0
108	0	0	0
109	0	0	0
110	0	0	0
112	0	0	0
113	0	0	0
114	0	0	0
115	0	0	0
116	0	0	0
117	0	0	0
118	0	0	0
120	0	0	0
121	0	0	0
122	0	0	0
123	0	0	0
124	0	0	0
125	0	0	0
126	0	0	0
128	0	0	0
129	0	0	0
130	0	0	0
131	0	0	0
132	0	0	0
133	0	0	0
134	0	0	0
136	0	0	0
137	0	0	0
138	0	0	0
139	0	0	0
140	0	0	0
141	0	0	0
142	0	0	0
144	0	0	0
145	0	0	0
146	0	0	0
147	0	0	0
148	0	0	0
149	0	0	0
150	0	0	0
152	0	0	0
153	2	0	1
154	4	0	0
155	4	0	0
156	4	0	0
157	4	0	0
158	4	0	0
160	2	2	0
161	2	2	0
162	1	3	0
163	1	3	0
164	1	3	0
165	1	3	0
166	1	3	0
168	1	3	0
169	1	3	0
170	1	3	0
171	1	3	0
172	1	3	0
173	1	3	0
174	1	3	0
176	0	4	0
Final 4
1	0	0	0
2	0	0	0
3	0	0	0
4	0	0	0
5	0	0	0
6	0	0	0
8	0	0	0
9	0	0	0
10	0	0	0
11	0	0	0
12	0	0	0
13	0	0	0
14	0	0	0
16	0	0	0
17	0	0	0
18	0	0	0
19	0	0	0
20	0	0	0
21	0	0	0
22	0	0	0
24	0	0	0
25	0	0	1
26	0	0	0
27	0	0	0
28	0	0	0
29	0	0	0
30	0	0	0
32	0	0	0
33	0	0	0
34	0	0	0
35	0	0	0
36	0	0	0
37	0	0	0
38	0	0	0
40	0	0	0
41	0	0	0
42	0	0	0
43	0	0	0
44	0	0	0
45	0	0	0
46	0	0	0
48	0	0	0
49	0	0	0
50	0	0	0
51	0	0	0
52	0	0	0
53	0	0	0
54	0	0	0
56	0	0	0
57	0	0	0
58	0	0	0
59	0	0	0
60	0	0	0
61	0	0	0
62	0	0	0
64	0	0	0
65	0	0	0
66	0	0	0
67	0	0	0
68	0	0	0
69	0	0	0
70	0	0	0
72	0	0	0
73	0	0	0
74	0	0	0
75	0	0	0
76	0	0	0
77	0	0	0
78	0	0	0
80	0	0	0
81	0	0	0
82	0	0	0
83	0	0	0
84	0	0	0
85	0	0	0
86	0	0	0
88	0	0	0
89	0	0	1
90	0	0	0
91	0	0	0
92	0	0	0
93	0	0	0
94	0	0	0
96	0	0	0
97	0	0	0
98	0	0	0
99	0	0	0
100	0	0	0
101	0	0	0
102	0	0	0
104	0	0	0
105	0	0	0
106	0	0	0
107	0	0	0
108	0	0	0
109	0	0	0
110	0	0	0
112	0	0	0
113	0	0	0
114	0	0	0
115	0	0	0
116	0	0	0
117	0	0	0
118	0	0	0
120	0	0	0
121	0	0	0
122	0	0	0
123	0	0	0
124	0	0	0
125	0	0	0
126	0	0	0
128	0	0	0
129	0	0	0
130	0	0	0
131	0	0	0
132	0	0	0
133	0	0	0
134	0	0	0
136	0	0	0
137	0	0	0
138	0	0	0
139	0	0	0
140	0	0	0
141	0	0	0
142	0	0	0
144	0	0	0
145	0	0	0
146	0	0	0
147	0	0	0
148	0	0	0
149	0	0	0
150	0	0	0
152	0	0	0
153	5	0	1
154	9	0	0
155	9	0	0
156	9	1	0
157	8	2	0
158	8	2	0
160	8	2	0
161	7	3	0
162	7	3	0
163	6	4	0
164	6	4	0
165	6	4	0
166	6	4	0
168	6	4	0
169	6	4	0
170	6	4	0
171	6	4	0
172	6	4	0
173	6	4	0
174	6	4	0
176	6	4	0
177	7	4	0
178	6	6	0
179	4	8	0
180	4	8	0
181	5	8	0
182	4	9	0
184	4	9	0
185	7	9	0
186	12	9	0
187	10	11	0
188	10	11	0
189	10	11	0
190	9	12	0
192	8	13	0
193	9	13	0
194	11	13	0
195	13	14	0
196	13	14	0
197	13	14	0
198	12	15	0
200	11	16	0
201	11	16	0
202	13	16	0
203	14	16	0
204	15	16	0
205	15	16	0
206	13	18	0
208	12	19	0
209	13	19	0
210	17	19	0
211	15	21	0
212	15	21	0
213	15	21	0
214	15	21	0
216	14	22	0
217	14	22	0
218	13	23	0
219	12	24	0
220	12	24	0
221	12	24	0
222	12	24	0
224	11	25	0
225	11	25	0
226	10	26	0
227	9	27	0
228	8	28	0
229	6	30	0
230	6	30	0
232	6	30	0
233	7	30	0
234	7	31	0
235	6	32	0
236	6	32	0
237	6	32	0
238	5	33	0
240	4	34	0
241	5	34	0
242	6	34	0
243	8	34	0
244	6	36	0
245	6	36	0
246	5	37	0
248	5	37	0
249	7	37	0
250	8	37	0
251	8	37	0
252	7	38	0
253	5	40	0
254	4	41	0
256	4	41	0
257	5	41	0
258	7	41	0
259	7	41	0
260	7	41	0
261	7	41	0
262	7	41	0
264	7	41	0
265	7	41	0
266	10	42	0
267	9	43	0
268	8	45	0
269	9	45	0
270	8	46	0
272	7	47	0
273	7	47	0
274	7	47	0
275	7	47	0
276	5	49	0
277	5	49	0
278	5	49	0
280	4	50	0
281	4	50	0
282	4	50	0
283	4	50	0
284	5	50	0
285	5	50	0
286	5	50	0
288	5	50	0
289	5	50	0
290	6	50	0
291	6	50	0
292	6	50	0
293	6	50	0
294	6	50	0
296	6	50	0
297	6	50	0
298	7	50	0
299	8	51	0
300	8	51	0
301	8	51	0
302	8	51	0
304	8	51	0
305	8	51	0
306	9	51	0
307	11	51	0
308	13	51	0
309	13	52	0
310	14	52	0
312	11	55	0
313	11	57	0
314	13	57	0
315	11	60	0
316	12	60	0
317	12	60	0
318	12	60	0
320	12	60	0
321	14	60	0
322	12	62	0
323	12	64	0
324	12	64	0
325	12	64	0
326	12	64	0
328	11	65	0
329	10	66	0
330	9	67	0
331	8	68	0
332	8	68	0
333	6	70	0
334	5	71	0
336	5	71	0
337	5	71	0
338	5	71	0
339	5	71	0
340	4	72	0
341	4	72	0
342	4	72	0
344	4	72	0
345	5	72	0
346	4	74	0
347	5	74	0
348	5	75	0
349	5	75	0
350	5	75	0
352	5	75	0
353	5	76	0
354	5	76	0
355	5	76	0
356	5	76	0
357	4	77	0
358	4	77	0
360	4	77	0
361	4	77	0
362	4	77	0
363	5	77	0
364	4	78	0
365	4	79	0
366	4	79	0
368	4	79	0
369	3	80	0
370	4	80	0
371	4	80	0
372	4	80	0
373	3	81	0
374	3	81	0
376	3	81	0
377	4	81	0
378	5	82	0
379	5	82	0
380	5	82	0
381	6	82	0
382	6	82	0
384	6	82	0
385	6	82	0
386	6	82	0
387	6	82	0
388	6	82	0
389	6	82	0
390	5	83	0
392	5	83	0
393	3	85	0
394	4	85	0
395	4	85	0
396	4	85	0
397	4	85	0
398	4	85	0
400	4	85	0
401	4	85	0
402	4	85	0
403	5	86	0
404	6	86	0
405	5	87	0
406	5	87	0
408	5	87	0
409	6	87	0
410	6	88	0
411	6	88	0
412	6	88	0
413	8	88	0
414	8	88	0
416	8	88	0
417	9	90	0
418	10	90	0
419	15	90	0
420	16	91	0
421	17	92	0
422	17	93	0
424	15	95	0
425	16	95	0
426	18	95	0
427	22	96	0
428	22	97	0
429	21	98	0
430	20	100	0
432	20	100	0
433	24	100	0
434	27	102	0
435	31	102	0
436	29	105	0
437	29	106	0
438	29	106	0
440	27	108	0
441	26	109	0
442	25	110	0
443	25	111	0
444	26	111	0
445	26	111	0
446	25	112	0
448	25	112	0
449	24	113	0
450	23	114	0
451	22	115	0
452	22	116	0
453	20	118	0
454	18	120	0
456	16	122	0
457	15	124	0
458	16	124	0
459	17	124	0
460	20	124	0
461	21	126	0
462	20	127	0
464	20	127	0
465	19	128	0
466	26	128	0
467	25	130	0
468	28	130	0
469	27	131	0
470	25	133	0
472	25	133	0
473	36	133	0
474	45	135	0
475	63	138	0
476	77	139	0
477	92	140	0
478	91	141	0
480	87	145	0
481	101	147	0
482	107	154	0
483	137	157	0
484	160	159	0
485	183	165	0
486	180	171	0
488	178	173	0
489	212	181	0
490	281	190	0
491	344	200	0
492	361	214	0
493	395	229	0
494	384	250	0
496	374	260	0
497	361	278	0
498	357	295	0
499	381	304	0
500	397	318	0
501	409	334	0
502	391	360	0
504	373	378	0
505	359	403	0
506	373	420	0
507	392	439	0
508	429	461	0
509	463	478	0
510	445	508	0
512	426	528	0
513	495	543	0
514	690	569	0
515	912	598	0
516	1181	634	0
517	1497	688	0
518	1474	751	0
520	1414	811	0
521	1891	888	0
522	2620	976	0
523	2923	1096	0
524	3153	1242	0
525	3359	1376	0
526	3222	1534	0
528	3070	1688	0
529	3392	1822	0
530	3766	1959	0
531	4092	2132	0
532	4273	2306	0
533	4309	2493	0
534	4154	2665	0
536	3954	2866	0
537	3977	3055	0
538	4052	3217	0
539	4065	3399	0
540	4007	3597	0
541	3938	3756	0
542	3792	3914	0
544	3600	4107	0
545	3525	4268	0
546	3481	4429	0
547	3390	4591	0
548	3286	4742	0
549	3196	4876	0
550	3071	5011	0
552	2938	5144	0
553	2840	5249	0
554	2729	5385	0
555	2630	5506	0
556	2538	5621	0
557	2454	5718	0
558	2361	5819	0
Final 8180
1	0	0	0
2	0	0	0
3	0	0	0
4	0	0	0
5	0	0	0
6	0	0	0
8	0	0	0
9	0	0	0
10	0	0	0
11	0	0	0
12	0	0	0
13	0	0	0
14	0	0	0
16	0	0	0
17	0	0	0
18	0	0	0
19	0	0	0
20	0	0	0
21	0	0	0
22	0	0	0
24	0	0	0
25	0	0	1
26	0	0	0
27	0	0	0
28	0	0	0
29	0	0	0
30	0	0	0
32	0	0	0
33	0	0	0
34	0	0	0
35	0	0	0
36	0	0	0
37	0	0	0
38	0	0	0
40	0	0	0
41	0	0	0
42	0	0	0
43	0	0	0
44	0	0	0
45	0	0	0
46	0	0	0
48	0	0	0
49	0	0	0
50	0	0	0
51	0	0	0
52	0	0	0
53	0	0	0
54	0	0	0
56	0	0	0
57	0	0	0
58	0	0	0
59	0	0	0
60	0	0	0
61	0	0	0
62	0	0	0
64	0	0	0
65	0	0	0
66	0	0	0
67	0	0	0
68	0	0	0
69	0	0	0
70	0	0	0
72	0	0	0
73	0	0	0
74	0	0	0
75	0	0	0
76	0	0	0
77	0	0	0
78	0	0	0
80	0	0	0
81	0	0	0
82	0	0	0
83	0	0	0
84	0	0	0
85	0	0	0
86	0	0	0
88	0	0	0
89	0	0	1
90	0	0	0
91	0	0	0
92	0	0	0
93	0	0	0
94	0	0	0
96	0	0	0
97	0	0	0
98	0	0	0
99	0	0	0
100	0	0	0
101	0	0	0
102	0	0	0
104	0	0	0
105	0	0	0
106	0	0	0
107	0	0	0
108	0	0	0
109	0	0	0
110	0	0	0
112	0	0	0
113	0	0	0
114	0	0	0
115	0	0	0
116	0	0	0
117	0	0	0
118	0	0	0
120	0	0	0
121	0	0	0
122	0	0	0
123	0	0	0
124	0	0	0
125	0	0	0
126	0	0	0
128	0	0	0
129	0	0	0
130	0	0	0
131	0	0	0
132	0	0	0
133	0	0	0
134	0	0	0
136	0	0	0
137	0	0	0
138	0	0	0
139	0	0	0
140	0	0	0
141	0	0	0
142	0	0	0
144	0	0	0
145	0	0	0
146	0	0	0
147	0	0	0
148	0	0	0
149	0	0	0
150	0	0	0
152	0	0	0
153	2	0	1
154	3	0	0
155	3	0	0
156	3	0	0
157	3	0	0
158	3	0	0
160	3	0	0
161	3	0	0
162	3	0	0
163	3	0	0
164	3	0	0
165	3	0	0
166	2	1	0
168	2	1	0
169	2	1	0
170	2	1	0
171	2	1	0
172	3	1	0
173	3	1	0
174	3	1	0
176	3	1	0
177	3	1	0
178	4	1	0
179	4	1	0
180	4	1	0
181	4	1	0
182	4	1	0
184	4	1	0
185	5	1	0
186	6	1	0
187	4	3	0
188	4	3	0
189	3	4	0
190	3	5	0
192	3	5	0
193	4	5	0
194	3	7	0
195	3	7	0
196	3	7	0
197	2	8	0
198	2	8	0
200	2	8	0
201	2	9	0
202	2	9	0
203	1	10	0
204	1	10	0
205	1	10	0
206	1	10	0
208	1	10	0
209	1	10	0
210	1	10	0
211	1	10	0
212	1	10	0
213	1	10	0
214	1	10	0
216	1	10	0
217	1	10	0
218	1	10	0
219	1	10	0
220	0	11	0
Final 11
1	0	0	0
2	0	0	0
3	0	0	0
4	0	0	0
5	0	0	0
6	0	0	0
8	0	0	0
9	0	0	0
10	0	0	0
11	0	0	0
12	0	0	0
13	0	0	0
14	0	0	0
16	0	0	0
17	0	0	0
18	0	0	0
19	0	0	0
20	0	0	0
21	0	0	0
22	0	0	0
24	0	0	0
25	0	0	1
26	0	0	0
27	0	0	0
28	0	0	0
29	0	0	0
30	0	0	0
32	0	0	0
33	0	0	0
34	0	0	0
35	0	0	0
36	0	0	0
37	0	0	0
38	0	0	0
40	0	0	0
41	0	0	0
42	0	0	0
43	0	0	0
44	0	0	0
45	0	0	0
46	0	0	0
48	0	0	0
49	0	0	0
50	0	0	0
51	0	0	0
52	0	0	0
53	0	0	0
54	0	0	0
56	0	0	0
57	0	0	0
58	0	0	0
59	0	0	0
60	0	0	0
61	0	0	0
62	0	0	0
64	0	0	0
65	0	0	0
66	0	0	0
67	0	0	0
68	0	0	0
69	0	0	0
70	0	0	0
72	0	0	0
73	0	0	0
74	0	0	0
75	0	0	0
76	0	0	0
77	0	0	0
78	0	0	0
80	0	0	0
81	0	0	0
82	0	0	0
83	0	0	0
84	0	0	0
85	0	0	0
86	0	0	0
88	0	0	0
89	0	0	1
90	0	0	0
91	0	0	0
92	0	0	0
93	0	0	0
94	0	0	0
96	0	0	0
97	0	0	0
98	0	0	0
99	0	0	0
100	0	0	0
101	0	0	0
102	0	0	0
104	0	0	0
105	0	0	0
106	0	0	0
107	0	0	0
108	0	0	0
109	0	0	0
110	0	0	0
112	0	0	0
113	0	0	0
114	0	0	0
115	0	0	0
116	0	0	0
117	0	0	0
118	0	0	0
120	0	0	0
121	0	0	0
122	0	0	0
123	0	0	0
124	0	0	0
125	0	0	0
126	0	0	0
128	0	0	0
129	0	0	0
130	0	0	0
131	0	0	0
132	0	0	0
133	0	0	0
134	0	0	0
136	0	0	0
137	0	0	0
138	0	0	0
139	0	0	0
140	0	0	0
141	0	0	0
142	0	0	0
144	0	0	0
145	0	0	0
146	0	0	0
147	0	0	0
148	0	0	0
149	0	0	0
150	0	0	0
152	0	0	0
153	2	0	1
154	3	0	0
155	3	0	0
156	2	1	0
157	2	1	0
158	2	1	0
160	2	1	0
161	2	1	0
162	2	1	0
163	2	1	0
164	2	1	0
165	2	1	0
166	2	1	0
168	2	1	0
169	2	1	0
170	2	1	0
171	1	2	0
172	1	2	0
173	1	2	0
174	0	3	0
Final 3
